StoredProductIdShop;StoredProductISBN;StoredProductCount;StoredProductStatus;StoredProductDateChange;;;;;;
1;9785899130013    ;48;1;2023.02.01;;;В наличии;;;9,79E+12
1;9785666310024    ;16;1;2023.04.03;;;В наличии;;;9,79E+12
1;9785649850036    ;28;1;2023.06.08;;;В наличии;;;9,79E+12
1;9785109660044    ;9;1;2023.03.11;;;В наличии;;;9,79E+12
1;9785190400057    ;16;1;2023.05.10;;;В наличии;;;9,79E+12
1;9785162010068    ;32;1;2023.08.11;;;В наличии;;;9,79E+12
1;9785122400078    ;10;1;2023.06.12;;;В наличии;;;9,79E+12
1;9785122400084    ;7;1;2023.11.10;;;В наличии;;;9,79E+12
1;9785266980092    ;33;1;2023.03.09;;;В наличии;;;9,79E+12
1;9785128950104    ;11;1;2023.05.03;;;В наличии;;;9,79E+12
1;9785431210113    ;32;1;2023.07.06;;;В наличии;;;9,79E+12
1;9785190400127    ;6;1;2023.11.01;;;В наличии;;;9,79E+12
1;9785649850132    ;49;1;2023.08.03;;;В наличии;;;9,79E+12
1;9785899130142    ;13;1;2023.04.10;;;В наличии;;;9,79E+12
1;9785666310158    ;40;1;2023.08.12;;;В наличии;;;9,79E+12
1;9785649850160    ;1;1;2023.03.07;;;В наличии;;;9,79E+12
1;9785109660175    ;11;1;2023.10.02;;;В наличии;;;9,79E+12
1;9785190400187    ;26;1;2023.02.11;;;В наличии;;;9,79E+12
1;9785431210195    ;48;1;2023.10.06;;;В наличии;;;9,79E+12
1;9785122400209    ;26;1;2023.09.10;;;В наличии;;;9,79E+12
1;9785266980212    ;45;1;2023.03.07;;;В наличии;;;9,79E+12
1;9785266980224    ;11;1;2023.09.02;;;В наличии;;;9,79E+12
1;9785190400239    ;21;1;2023.09.03;;;В наличии;;;9,79E+12
1;9785431210240    ;43;1;2023.08.01;;;В наличии;;;9,79E+12
1;9785649850257    ;9;1;2023.07.01;;;В наличии;;;9,79E+12
1;9785266980269    ;39;1;2023.02.07;;;В наличии;;;9,79E+12
1;9785666310273    ;46;1;2023.09.09;;;В наличии;;;9,79E+12
1;9785262070289    ;46;1;2023.04.04;;;В наличии;;;9,79E+12
1;9785666310295    ;24;1;2023.07.10;;;В наличии;;;9,79E+12
1;9785207200303    ;15;1;2023.11.11;;;В наличии;;;9,79E+12
1;9785431210316    ;22;1;2023.07.10;;;В наличии;;;9,79E+12
1;9785649850324    ;9;1;2023.11.05;;;В наличии;;;9,79E+12
1;9785162010331    ;20;1;2023.07.01;;;В наличии;;;9,79E+12
1;9785262070349    ;4;1;2023.08.05;;;В наличии;;;9,79E+12
1;9785162010356    ;34;1;2023.10.10;;;В наличии;;;9,79E+12
1;9785207200366    ;9;1;2023.03.07;;;В наличии;;;9,79E+12
1;9785355410375    ;11;1;2023.11.11;;;В наличии;;;9,79E+12
1;9785419780384    ;45;1;2023.06.05;;;В наличии;;;9,79E+12
1;9785266980393    ;7;1;2023.07.11;;;В наличии;;;9,79E+12
1;9785355410404    ;21;1;2023.10.04;;;В наличии;;;9,79E+12
1;9785419780419    ;50;1;2023.03.01;;;В наличии;;;9,79E+12
1;9785165800426    ;4;1;2023.08.04;;;В наличии;;;9,79E+12
1;9785128900436    ;19;1;2023.04.06;;;В наличии;;;9,79E+12
1;9785190400447    ;25;1;2023.02.03;;;В наличии;;;9,79E+12
1;9785419780453    ;5;1;2023.04.01;;;В наличии;;;9,79E+12
1;9785513530464    ;47;1;2023.11.05;;;В наличии;;;9,79E+12
1;9785262070476    ;36;1;2023.08.01;;;В наличии;;;9,79E+12
1;9785162010485    ;7;1;2023.02.02;;;В наличии;;;9,79E+12
1;9785419780498    ;11;1;2023.11.07;;;В наличии;;;9,79E+12
1;9785207200509    ;24;1;2023.11.11;;;В наличии;;;9,79E+12
1;9785649850515    ;12;1;2023.07.08;;;В наличии;;;9,79E+12
1;9785162010527    ;5;1;2023.04.09;;;В наличии;;;9,79E+12
1;9785262070534    ;19;1;2023.01.09;;;В наличии;;;9,79E+12
1;9785419780547    ;27;1;2023.09.05;;;В наличии;;;9,79E+12
1;9785128900553    ;34;1;2023.02.03;;;В наличии;;;9,79E+12
1;9785666310567    ;47;1;2023.08.03;;;В наличии;;;9,79E+12
1;9785109660579    ;36;1;2023.10.07;;;В наличии;;;9,79E+12
1;9785207200581    ;10;1;2023.09.04;;;В наличии;;;9,79E+12
1;9785262070590    ;23;1;2023.09.04;;;В наличии;;;9,79E+12
1;9785899130608    ;6;1;2023.06.04;;;В наличии;;;9,79E+12
1;9785262070611    ;39;1;2023.11.02;;;В наличии;;;9,79E+12
1;9785513530625    ;27;1;2023.01.06;;;В наличии;;;9,79E+12
1;9785431210630    ;17;1;2023.11.12;;;В наличии;;;9,79E+12
1;9785666310643    ;4;1;2023.06.07;;;В наличии;;;9,79E+12
1;9785355410650    ;2;1;2023.07.04;;;В наличии;;;9,79E+12
1;9785109660664    ;40;1;2023.10.10;;;В наличии;;;9,79E+12
1;9785419780674    ;29;1;2023.02.05;;;В наличии;;;9,79E+12
1;9785207200680    ;17;1;2023.07.10;;;В наличии;;;9,79E+12
1;9785109660694    ;25;1;2023.02.07;;;В наличии;;;9,79E+12
1;9785109660702    ;22;1;2023.06.05;;;В наличии;;;9,79E+12
1;9785419780719    ;9;1;2023.08.12;;;В наличии;;;9,79E+12
1;9785207200726    ;4;1;2023.05.01;;;В наличии;;;9,79E+12
1;9785109660733    ;6;1;2023.05.01;;;В наличии;;;9,79E+12
1;9785355410748    ;39;1;2023.04.04;;;В наличии;;;9,79E+12
1;9785122400753    ;13;1;2023.02.01;;;В наличии;;;9,79E+12
1;9785355410763    ;47;1;2023.03.05;;;В наличии;;;9,79E+12
1;9785431210775    ;13;1;2023.09.10;;;В наличии;;;9,79E+12
1;9785122400787    ;48;1;2023.10.11;;;В наличии;;;9,79E+12
1;9785207200799    ;42;1;2023.09.03;;;В наличии;;;9,79E+12
1;9785162010802    ;43;1;2023.04.04;;;В наличии;;;9,79E+12
1;9785207200817    ;49;1;2023.03.10;;;В наличии;;;9,79E+12
1;9785162010827    ;12;1;2023.09.09;;;В наличии;;;9,79E+12
1;9785431210830    ;25;1;2023.05.09;;;В наличии;;;9,79E+12
1;9785162010840    ;13;1;2023.01.04;;;В наличии;;;9,79E+12
1;9785419780853    ;21;1;2023.03.03;;;В наличии;;;9,79E+12
1;9785122400867    ;21;1;2023.06.12;;;В наличии;;;9,79E+12
1;9785162010872    ;47;1;2023.01.01;;;В наличии;;;9,79E+12
1;9785162010881    ;25;1;2023.03.05;;;В наличии;;;9,79E+12
1;9785355410893    ;30;1;2023.05.08;;;В наличии;;;9,79E+12
1;9785262070903    ;33;1;2023.02.10;;;В наличии;;;9,79E+12
1;9785207200911    ;13;1;2023.08.04;;;В наличии;;;9,79E+12
1;9785266980922    ;9;1;2023.09.03;;;В наличии;;;9,79E+12
1;9785162010930    ;15;1;2023.10.02;;;В наличии;;;9,79E+12
1;9785513530947    ;29;1;2023.09.05;;;В наличии;;;9,79E+12
1;9785899130955    ;48;1;2023.10.02;;;В наличии;;;9,79E+12
1;9785162010964    ;15;1;2023.09.04;;;В наличии;;;9,79E+12
1;9785207200978    ;33;1;2023.10.04;;;В наличии;;;9,79E+12
1;9785109660987    ;30;1;2023.01.01;;;В наличии;;;9,79E+12
1;9785109660990    ;13;1;2023.01.11;;;В наличии;;;9,79E+12
1;9785649851003    ;41;1;2023.10.07;;;В наличии;;;9,79E+12
1;9785649851014    ;7;1;2023.11.11;;;В наличии;;;9,79E+12
1;9785190401025    ;6;1;2023.08.11;;;В наличии;;;9,79E+12
1;9785128901031    ;39;1;2023.05.01;;;В наличии;;;9,79E+12
1;9785419781047    ;31;1;2023.04.01;;;В наличии;;;9,79E+12
1;9785190401053    ;18;1;2023.03.06;;;В наличии;;;9,79E+12
1;9785162011062    ;24;1;2023.10.04;;;В наличии;;;9,79E+12
1;9785190401073    ;13;1;2023.04.05;;;В наличии;;;9,79E+12
1;9785513531081    ;5;1;2023.02.10;;;В наличии;;;9,79E+12
1;9785109661099    ;12;1;2023.07.09;;;В наличии;;;9,79E+12
1;9785207201105    ;9;1;2023.01.04;;;В наличии;;;9,79E+12
1;9785513531113    ;23;1;2023.06.02;;;В наличии;;;9,79E+12
1;9785133951122    ;20;1;2023.08.05;;;В наличии;;;9,79E+12
1;9785128901133    ;13;1;2023.11.07;;;В наличии;;;9,79E+12
1;9785649851144    ;44;1;2023.10.10;;;В наличии;;;9,79E+12
1;9785431211150    ;2;1;2023.07.04;;;В наличии;;;9,79E+12
1;9785513531165    ;29;1;2023.05.08;;;В наличии;;;9,79E+12
1;9785419781172    ;46;1;2023.04.11;;;В наличии;;;9,79E+12
1;9785162011185    ;24;1;2023.05.11;;;В наличии;;;9,79E+12
1;9785649851191    ;4;1;2023.02.10;;;В наличии;;;9,79E+12
1;9785649851207    ;3;1;2023.11.08;;;В наличии;;;9,79E+12
1;9785899131215    ;38;1;2023.07.03;;;В наличии;;;9,79E+12
1;9785262071222    ;5;1;2023.02.08;;;В наличии;;;9,79E+12
1;9785165801234    ;40;1;2023.05.03;;;В наличии;;;9,79E+12
1;9785162011240    ;39;1;2023.06.03;;;В наличии;;;9,79E+12
1;9785419781256    ;36;1;2023.10.09;;;В наличии;;;9,79E+12
1;9785419781269    ;41;1;2023.07.07;;;В наличии;;;9,79E+12
1;9785355411272    ;27;1;2023.07.08;;;В наличии;;;9,79E+12
1;9785128901282    ;40;1;2023.01.05;;;В наличии;;;9,79E+12
1;9785899131294    ;10;1;2023.03.02;;;В наличии;;;9,79E+12
1;9785513531303    ;4;1;2023.09.08;;;В наличии;;;9,79E+12
1;9785207201316    ;29;1;2023.05.03;;;В наличии;;;9,79E+12
1;9785109661323    ;4;1;2023.05.08;;;В наличии;;;9,79E+12
1;9785165801339    ;11;1;2023.03.05;;;В наличии;;;9,79E+12
1;9785190401348    ;28;1;2023.09.12;;;В наличии;;;9,79E+12
1;9785666311355    ;24;1;2023.03.02;;;В наличии;;;9,79E+12
1;9785513531366    ;47;1;2023.03.12;;;В наличии;;;9,79E+12
1;9785128901375    ;33;1;2023.11.05;;;В наличии;;;9,79E+12
1;9785666311386    ;41;1;2023.04.05;;;В наличии;;;9,79E+12
1;9785133951399    ;42;1;2023.10.06;;;В наличии;;;9,79E+12
1;9785122401403    ;21;1;2023.01.08;;;В наличии;;;9,79E+12
1;9785190401415    ;34;1;2023.10.03;;;В наличии;;;9,79E+12
1;9785165801427    ;11;1;2023.02.07;;;В наличии;;;9,79E+12
1;9785162011436    ;31;1;2023.06.06;;;В наличии;;;9,79E+12
1;9785207201444    ;27;1;2023.06.03;;;В наличии;;;9,79E+12
1;9785122401453    ;25;1;2023.09.08;;;В наличии;;;9,79E+12
1;9785431211467    ;30;1;2023.03.07;;;В наличии;;;9,79E+12
2;9785899130013    ;14;1;2023.03.01;;;В наличии;;;
2;9785666310024    ;9;1;2023.10.12;;;В наличии;;;
2;9785649850036    ;39;1;2023.01.07;;;В наличии;;;
2;9785109660044    ;50;1;2023.10.12;;;В наличии;;;
2;9785190400057    ;12;1;2023.08.11;;;В наличии;;;
2;9785162010068    ;22;1;2023.04.06;;;В наличии;;;
2;9785122400078    ;42;1;2023.01.01;;;В наличии;;;
2;9785122400084    ;27;1;2023.01.06;;;В наличии;;;
2;9785266980092    ;7;1;2023.09.03;;;В наличии;;;
2;9785128950104    ;41;1;2023.10.05;;;В наличии;;;
2;9785431210113    ;25;1;2023.06.07;;;В наличии;;;
2;9785190400127    ;25;1;2023.06.11;;;В наличии;;;
2;9785649850132    ;47;1;2023.04.03;;;В наличии;;;
2;9785899130142    ;6;1;2023.05.02;;;В наличии;;;
2;9785666310158    ;2;1;2023.06.12;;;В наличии;;;
2;9785649850160    ;30;1;2023.07.05;;;В наличии;;;
2;9785109660175    ;10;1;2023.09.08;;;В наличии;;;
2;9785190400187    ;2;1;2023.08.08;;;В наличии;;;
2;9785431210195    ;37;1;2023.08.05;;;В наличии;;;
2;9785122400209    ;17;1;2023.05.04;;;В наличии;;;
2;9785266980212    ;50;1;2023.07.08;;;В наличии;;;
2;9785266980224    ;33;1;2023.06.04;;;В наличии;;;
2;9785190400239    ;23;1;2023.11.10;;;В наличии;;;
2;9785431210240    ;3;1;2023.10.03;;;В наличии;;;
2;9785649850257    ;45;1;2023.01.04;;;В наличии;;;
2;9785266980269    ;46;1;2023.03.06;;;В наличии;;;
2;9785666310273    ;23;1;2023.03.03;;;В наличии;;;
2;9785262070289    ;14;1;2023.07.04;;;В наличии;;;
2;9785666310295    ;8;1;2023.09.01;;;В наличии;;;
2;9785207200303    ;6;1;2023.06.10;;;В наличии;;;
2;9785431210316    ;8;1;2023.01.07;;;В наличии;;;
2;9785649850324    ;29;1;2023.02.03;;;В наличии;;;
2;9785162010331    ;28;1;2023.11.04;;;В наличии;;;
2;9785262070349    ;45;1;2023.01.05;;;В наличии;;;
2;9785162010356    ;12;1;2023.06.02;;;В наличии;;;
2;9785207200366    ;15;1;2023.11.04;;;В наличии;;;
2;9785355410375    ;4;1;2023.03.01;;;В наличии;;;
2;9785419780384    ;35;1;2023.10.08;;;В наличии;;;
2;9785266980393    ;30;1;2023.06.03;;;В наличии;;;
2;9785355410404    ;32;1;2023.04.02;;;В наличии;;;
2;9785419780419    ;15;1;2023.09.07;;;В наличии;;;
2;9785165800426    ;45;1;2023.01.07;;;В наличии;;;
2;9785128900436    ;29;1;2023.02.06;;;В наличии;;;
2;9785190400447    ;6;1;2023.09.11;;;В наличии;;;
2;9785419780453    ;0;2;2023.01.01;;;Нет в наличии;;;
2;9785513530464    ;16;1;2023.02.04;;;В наличии;;;
2;9785262070476    ;3;1;2023.05.07;;;В наличии;;;
2;9785162010485    ;13;1;2023.06.08;;;В наличии;;;
2;9785419780498    ;23;1;2023.10.06;;;В наличии;;;
2;9785207200509    ;20;1;2023.11.02;;;В наличии;;;
2;9785649850515    ;5;1;2023.04.08;;;В наличии;;;
2;9785162010527    ;27;1;2023.06.12;;;В наличии;;;
2;9785262070534    ;32;1;2023.04.10;;;В наличии;;;
2;9785419780547    ;26;1;2023.04.10;;;В наличии;;;
2;9785128900553    ;50;1;2023.05.07;;;В наличии;;;
2;9785666310567    ;49;1;2023.05.11;;;В наличии;;;
2;9785109660579    ;48;1;2023.06.05;;;В наличии;;;
2;9785207200581    ;9;1;2023.02.08;;;В наличии;;;
2;9785262070590    ;26;1;2023.01.05;;;В наличии;;;
2;9785899130608    ;26;1;2023.05.01;;;В наличии;;;
2;9785262070611    ;32;1;2023.11.12;;;В наличии;;;
2;9785513530625    ;42;1;2023.07.10;;;В наличии;;;
2;9785431210630    ;11;1;2023.07.10;;;В наличии;;;
2;9785666310643    ;32;1;2023.02.09;;;В наличии;;;
2;9785355410650    ;44;1;2023.04.04;;;В наличии;;;
2;9785109660664    ;45;1;2023.03.06;;;В наличии;;;
2;9785419780674    ;22;1;2023.01.06;;;В наличии;;;
2;9785207200680    ;42;1;2023.11.10;;;В наличии;;;
2;9785109660694    ;30;1;2023.11.03;;;В наличии;;;
2;9785109660702    ;34;1;2023.08.12;;;В наличии;;;
2;9785419780719    ;33;1;2023.07.12;;;В наличии;;;
2;9785207200726    ;35;1;2023.11.10;;;В наличии;;;
2;9785109660733    ;50;1;2023.06.12;;;В наличии;;;
2;9785355410748    ;8;1;2023.05.09;;;В наличии;;;
2;9785122400753    ;21;1;2023.08.08;;;В наличии;;;
2;9785355410763    ;21;1;2023.04.08;;;В наличии;;;
2;9785431210775    ;6;1;2023.03.12;;;В наличии;;;
2;9785122400787    ;22;1;2023.04.08;;;В наличии;;;
2;9785207200799    ;13;1;2023.03.12;;;В наличии;;;
2;9785162010802    ;44;1;2023.07.09;;;В наличии;;;
2;9785207200817    ;22;1;2023.03.11;;;В наличии;;;
2;9785162010827    ;34;1;2023.01.12;;;В наличии;;;
2;9785431210830    ;44;1;2023.01.05;;;В наличии;;;
2;9785162010840    ;32;1;2023.08.01;;;В наличии;;;
2;9785419780853    ;44;1;2023.06.05;;;В наличии;;;
2;9785122400867    ;45;1;2023.03.05;;;В наличии;;;
2;9785162010872    ;10;1;2023.08.04;;;В наличии;;;
2;9785162010881    ;50;1;2023.09.01;;;В наличии;;;
2;9785355410893    ;5;1;2023.11.09;;;В наличии;;;
2;9785262070903    ;41;1;2023.02.04;;;В наличии;;;
2;9785207200911    ;44;1;2023.10.07;;;В наличии;;;
2;9785266980922    ;26;1;2023.05.08;;;В наличии;;;
2;9785162010930    ;4;1;2023.11.05;;;В наличии;;;
2;9785513530947    ;39;1;2023.04.09;;;В наличии;;;
2;9785899130955    ;41;1;2023.02.02;;;В наличии;;;
2;9785162010964    ;36;1;2023.06.03;;;В наличии;;;
2;9785207200978    ;12;1;2023.02.01;;;В наличии;;;
2;9785109660987    ;44;1;2023.06.10;;;В наличии;;;
2;9785109660990    ;43;1;2023.09.08;;;В наличии;;;
2;9785649851003    ;17;1;2023.09.08;;;В наличии;;;
2;9785649851014    ;18;1;2023.10.04;;;В наличии;;;
2;9785190401025    ;41;1;2023.04.12;;;В наличии;;;
2;9785128901031    ;2;1;2023.06.11;;;В наличии;;;
2;9785419781047    ;21;1;2023.05.04;;;В наличии;;;
2;9785190401053    ;1;1;2023.03.07;;;В наличии;;;
2;9785162011062    ;27;1;2023.07.01;;;В наличии;;;
2;9785190401073    ;6;1;2023.07.04;;;В наличии;;;
2;9785513531081    ;23;1;2023.08.12;;;В наличии;;;
2;9785109661099    ;29;1;2023.02.02;;;В наличии;;;
2;9785207201105    ;2;1;2023.10.01;;;В наличии;;;
2;9785513531113    ;49;1;2023.03.08;;;В наличии;;;
2;9785133951122    ;42;1;2023.07.09;;;В наличии;;;
2;9785128901133    ;15;1;2023.07.08;;;В наличии;;;
2;9785649851144    ;46;1;2023.10.10;;;В наличии;;;
2;9785431211150    ;41;1;2023.03.04;;;В наличии;;;
2;9785513531165    ;7;1;2023.08.03;;;В наличии;;;
2;9785419781172    ;43;1;2023.11.11;;;В наличии;;;
2;9785162011185    ;6;1;2023.01.06;;;В наличии;;;
2;9785649851191    ;48;1;2023.10.02;;;В наличии;;;
2;9785649851207    ;50;1;2023.10.12;;;В наличии;;;
2;9785899131215    ;10;1;2023.06.02;;;В наличии;;;
2;9785262071222    ;38;1;2023.07.09;;;В наличии;;;
2;9785165801234    ;18;1;2023.03.03;;;В наличии;;;
2;9785162011240    ;36;1;2023.08.01;;;В наличии;;;
2;9785419781256    ;47;1;2023.09.05;;;В наличии;;;
2;9785419781269    ;29;1;2023.07.02;;;В наличии;;;
2;9785355411272    ;29;1;2023.11.07;;;В наличии;;;
2;9785128901282    ;37;1;2023.05.07;;;В наличии;;;
2;9785899131294    ;38;1;2023.09.12;;;В наличии;;;
2;9785513531303    ;21;1;2023.02.05;;;В наличии;;;
2;9785207201316    ;11;1;2023.04.08;;;В наличии;;;
2;9785109661323    ;50;1;2023.04.11;;;В наличии;;;
2;9785165801339    ;43;1;2023.05.09;;;В наличии;;;
2;9785190401348    ;15;1;2023.02.03;;;В наличии;;;
2;9785666311355    ;4;1;2023.07.02;;;В наличии;;;
2;9785513531366    ;45;1;2023.04.03;;;В наличии;;;
2;9785128901375    ;22;1;2023.09.09;;;В наличии;;;
2;9785666311386    ;42;1;2023.08.03;;;В наличии;;;
2;9785133951399    ;1;1;2023.10.06;;;В наличии;;;
2;9785122401403    ;18;1;2023.11.06;;;В наличии;;;
2;9785190401415    ;32;1;2023.04.08;;;В наличии;;;
2;9785165801427    ;1;1;2023.02.02;;;В наличии;;;
2;9785162011436    ;19;1;2023.01.08;;;В наличии;;;
2;9785207201444    ;31;1;2023.05.01;;;В наличии;;;
2;9785122401453    ;34;1;2023.10.11;;;В наличии;;;
2;9785431211467    ;0;2;2023.05.11;;;Нет в наличии;;;
3;9785899130013    ;2;1;2023.06.04;;;В наличии;;;
3;9785666310024    ;31;1;2023.11.02;;;В наличии;;;
3;9785649850036    ;37;1;2023.03.10;;;В наличии;;;
3;9785109660044    ;39;1;2023.06.07;;;В наличии;;;
3;9785190400057    ;11;1;2023.05.10;;;В наличии;;;
3;9785162010068    ;21;1;2023.03.01;;;В наличии;;;
3;9785122400078    ;44;1;2023.01.11;;;В наличии;;;
3;9785122400084    ;48;1;2023.08.12;;;В наличии;;;
3;9785266980092    ;11;1;2023.04.09;;;В наличии;;;
3;9785128950104    ;6;1;2023.10.05;;;В наличии;;;
3;9785431210113    ;50;1;2023.06.06;;;В наличии;;;
3;9785190400127    ;10;1;2023.05.08;;;В наличии;;;
3;9785649850132    ;44;1;2023.03.09;;;В наличии;;;
3;9785899130142    ;45;1;2023.11.10;;;В наличии;;;
3;9785666310158    ;17;1;2023.08.03;;;В наличии;;;
3;9785649850160    ;38;1;2023.05.09;;;В наличии;;;
3;9785109660175    ;8;1;2023.07.05;;;В наличии;;;
3;9785190400187    ;2;1;2023.10.02;;;В наличии;;;
3;9785431210195    ;27;1;2023.01.12;;;В наличии;;;
3;9785122400209    ;41;1;2023.07.02;;;В наличии;;;
3;9785266980212    ;30;1;2023.03.07;;;В наличии;;;
3;9785266980224    ;41;1;2023.10.07;;;В наличии;;;
3;9785190400239    ;10;1;2023.04.09;;;В наличии;;;
3;9785431210240    ;17;1;2023.08.03;;;В наличии;;;
3;9785649850257    ;37;1;2023.06.07;;;В наличии;;;
3;9785266980269    ;9;1;2023.09.10;;;В наличии;;;
3;9785666310273    ;35;1;2023.07.01;;;В наличии;;;
3;9785262070289    ;41;1;2023.01.08;;;В наличии;;;
3;9785666310295    ;30;1;2023.06.12;;;В наличии;;;
3;9785207200303    ;24;1;2023.08.06;;;В наличии;;;
3;9785431210316    ;1;1;2023.10.08;;;В наличии;;;
3;9785649850324    ;9;1;2023.09.05;;;В наличии;;;
3;9785162010331    ;50;1;2023.08.03;;;В наличии;;;
3;9785262070349    ;3;1;2023.10.06;;;В наличии;;;
3;9785162010356    ;23;1;2023.11.09;;;В наличии;;;
3;9785207200366    ;22;1;2023.10.12;;;В наличии;;;
3;9785355410375    ;43;1;2023.11.12;;;В наличии;;;
3;9785419780384    ;20;1;2023.05.08;;;В наличии;;;
3;9785266980393    ;13;1;2023.09.05;;;В наличии;;;
3;9785355410404    ;27;1;2023.04.12;;;В наличии;;;
3;9785419780419    ;41;1;2023.10.05;;;В наличии;;;
3;9785165800426    ;10;1;2023.10.07;;;В наличии;;;
3;9785128900436    ;26;1;2023.04.01;;;В наличии;;;
3;9785190400447    ;47;1;2023.04.02;;;В наличии;;;
3;9785419780453    ;13;1;2023.07.01;;;В наличии;;;
3;9785513530464    ;3;1;2023.02.11;;;В наличии;;;
3;9785262070476    ;26;1;2023.07.11;;;В наличии;;;
3;9785162010485    ;46;1;2023.08.08;;;В наличии;;;
3;9785419780498    ;21;1;2023.07.07;;;В наличии;;;
3;9785207200509    ;10;1;2023.09.05;;;В наличии;;;
3;9785649850515    ;10;1;2023.04.06;;;В наличии;;;
3;9785162010527    ;6;1;2023.01.04;;;В наличии;;;
3;9785262070534    ;3;1;2023.06.11;;;В наличии;;;
3;9785419780547    ;4;1;2023.05.12;;;В наличии;;;
3;9785128900553    ;32;1;2023.02.09;;;В наличии;;;
3;9785666310567    ;23;1;2023.11.01;;;В наличии;;;
3;9785109660579    ;44;1;2023.10.05;;;В наличии;;;
3;9785207200581    ;1;1;2023.02.06;;;В наличии;;;
3;9785262070590    ;18;1;2023.09.09;;;В наличии;;;
3;9785899130608    ;44;1;2023.04.09;;;В наличии;;;
3;9785262070611    ;27;1;2023.02.05;;;В наличии;;;
3;9785513530625    ;18;1;2023.02.12;;;В наличии;;;
3;9785431210630    ;25;1;2023.04.08;;;В наличии;;;
3;9785666310643    ;42;1;2023.01.03;;;В наличии;;;
3;9785355410650    ;38;1;2023.04.06;;;В наличии;;;
3;9785109660664    ;46;1;2023.09.09;;;В наличии;;;
3;9785419780674    ;39;1;2023.09.09;;;В наличии;;;
3;9785207200680    ;21;1;2023.01.02;;;В наличии;;;
3;9785109660694    ;47;1;2023.09.02;;;В наличии;;;
3;9785109660702    ;24;1;2023.01.10;;;В наличии;;;
3;9785419780719    ;13;1;2023.05.05;;;В наличии;;;
3;9785207200726    ;43;1;2023.05.10;;;В наличии;;;
3;9785109660733    ;31;1;2023.03.11;;;В наличии;;;
3;9785355410748    ;28;1;2023.03.07;;;В наличии;;;
3;9785122400753    ;35;1;2023.10.09;;;В наличии;;;
3;9785355410763    ;11;1;2023.11.10;;;В наличии;;;
3;9785431210775    ;33;1;2023.02.06;;;В наличии;;;
3;9785122400787    ;35;1;2023.06.04;;;В наличии;;;
3;9785207200799    ;37;1;2023.03.09;;;В наличии;;;
3;9785162010802    ;28;1;2023.02.12;;;В наличии;;;
3;9785207200817    ;8;1;2023.05.03;;;В наличии;;;
3;9785162010827    ;11;1;2023.01.10;;;В наличии;;;
3;9785431210830    ;42;1;2023.11.06;;;В наличии;;;
3;9785162010840    ;37;1;2023.08.07;;;В наличии;;;
3;9785419780853    ;16;1;2023.11.03;;;В наличии;;;
3;9785122400867    ;22;1;2023.02.08;;;В наличии;;;
3;9785162010872    ;39;1;2023.05.09;;;В наличии;;;
3;9785162010881    ;49;1;2023.03.09;;;В наличии;;;
3;9785355410893    ;37;1;2023.10.02;;;В наличии;;;
3;9785262070903    ;49;1;2023.04.12;;;В наличии;;;
3;9785207200911    ;26;1;2023.05.10;;;В наличии;;;
3;9785266980922    ;42;1;2023.08.04;;;В наличии;;;
3;9785162010930    ;20;1;2023.03.04;;;В наличии;;;
3;9785513530947    ;11;1;2023.07.06;;;В наличии;;;
3;9785899130955    ;19;1;2023.09.12;;;В наличии;;;
3;9785162010964    ;48;1;2023.08.03;;;В наличии;;;
3;9785207200978    ;50;1;2023.03.01;;;В наличии;;;
3;9785109660987    ;17;1;2023.09.03;;;В наличии;;;
3;9785109660990    ;13;1;2023.07.09;;;В наличии;;;
3;9785649851003    ;37;1;2023.05.10;;;В наличии;;;
3;9785649851014    ;21;1;2023.11.03;;;В наличии;;;
3;9785190401025    ;42;1;2023.10.08;;;В наличии;;;
3;9785128901031    ;22;1;2023.05.05;;;В наличии;;;
3;9785419781047    ;23;1;2023.05.01;;;В наличии;;;
3;9785190401053    ;42;1;2023.05.10;;;В наличии;;;
3;9785162011062    ;50;1;2023.08.10;;;В наличии;;;
3;9785190401073    ;26;1;2023.09.02;;;В наличии;;;
3;9785513531081    ;29;1;2023.05.03;;;В наличии;;;
3;9785109661099    ;32;1;2023.07.06;;;В наличии;;;
3;9785207201105    ;19;1;2023.05.10;;;В наличии;;;
3;9785513531113    ;39;1;2023.11.04;;;В наличии;;;
3;9785133951122    ;44;1;2023.06.11;;;В наличии;;;
3;9785128901133    ;25;1;2023.11.08;;;В наличии;;;
3;9785649851144    ;4;1;2023.03.08;;;В наличии;;;
3;9785431211150    ;38;1;2023.10.06;;;В наличии;;;
3;9785513531165    ;48;1;2023.11.04;;;В наличии;;;
3;9785419781172    ;24;1;2023.06.03;;;В наличии;;;
3;9785162011185    ;32;1;2023.11.09;;;В наличии;;;
3;9785649851191    ;7;1;2023.08.01;;;В наличии;;;
3;9785649851207    ;7;1;2023.05.06;;;В наличии;;;
3;9785899131215    ;9;1;2023.07.04;;;В наличии;;;
3;9785262071222    ;41;1;2023.05.05;;;В наличии;;;
3;9785165801234    ;0;2;2023.07.06;;;Нет в наличии;;;
3;9785162011240    ;46;1;2023.05.02;;;В наличии;;;
3;9785419781256    ;26;1;2023.11.05;;;В наличии;;;
3;9785419781269    ;5;1;2023.03.01;;;В наличии;;;
3;9785355411272    ;39;1;2023.07.10;;;В наличии;;;
3;9785128901282    ;29;1;2023.11.07;;;В наличии;;;
3;9785899131294    ;30;1;2023.03.04;;;В наличии;;;
3;9785513531303    ;6;1;2023.07.11;;;В наличии;;;
3;9785207201316    ;44;1;2023.11.06;;;В наличии;;;
3;9785109661323    ;21;1;2023.10.06;;;В наличии;;;
3;9785165801339    ;14;1;2023.07.11;;;В наличии;;;
3;9785190401348    ;17;1;2023.09.09;;;В наличии;;;
3;9785666311355    ;18;1;2023.02.05;;;В наличии;;;
3;9785513531366    ;5;1;2023.03.01;;;В наличии;;;
3;9785128901375    ;1;1;2023.08.08;;;В наличии;;;
3;9785666311386    ;43;1;2023.03.05;;;В наличии;;;
3;9785133951399    ;11;1;2023.01.09;;;В наличии;;;
3;9785122401403    ;4;1;2023.05.01;;;В наличии;;;
3;9785190401415    ;6;1;2023.01.02;;;В наличии;;;
3;9785165801427    ;20;1;2023.09.10;;;В наличии;;;
3;9785162011436    ;9;1;2023.04.12;;;В наличии;;;
3;9785207201444    ;36;1;2023.10.05;;;В наличии;;;
3;9785122401453    ;0;2;2023.04.02;;;Нет в наличии;;;
3;9785431211467    ;21;1;2023.06.02;;;В наличии;;;
4;9785899130013    ;35;1;2023.01.02;;;В наличии;;;
4;9785666310024    ;45;1;2023.07.08;;;В наличии;;;
4;9785649850036    ;4;1;2023.08.08;;;В наличии;;;
4;9785109660044    ;25;1;2023.07.03;;;В наличии;;;
4;9785190400057    ;36;1;2023.02.05;;;В наличии;;;
4;9785162010068    ;16;1;2023.11.03;;;В наличии;;;
4;9785122400078    ;46;1;2023.06.08;;;В наличии;;;
4;9785122400084    ;25;1;2023.10.10;;;В наличии;;;
4;9785266980092    ;2;1;2023.03.02;;;В наличии;;;
4;9785128950104    ;0;2;2023.09.02;;;Нет в наличии;;;
4;9785431210113    ;17;1;2023.05.10;;;В наличии;;;
4;9785190400127    ;17;1;2023.10.03;;;В наличии;;;
4;9785649850132    ;9;1;2023.05.05;;;В наличии;;;
4;9785899130142    ;23;1;2023.04.11;;;В наличии;;;
4;9785666310158    ;22;1;2023.10.12;;;В наличии;;;
4;9785649850160    ;25;1;2023.07.02;;;В наличии;;;
4;9785109660175    ;42;1;2023.02.08;;;В наличии;;;
4;9785190400187    ;50;1;2023.09.10;;;В наличии;;;
4;9785431210195    ;32;1;2023.04.12;;;В наличии;;;
4;9785122400209    ;26;1;2023.01.05;;;В наличии;;;
4;9785266980212    ;36;1;2023.11.10;;;В наличии;;;
4;9785266980224    ;5;1;2023.05.12;;;В наличии;;;
4;9785190400239    ;30;1;2023.04.03;;;В наличии;;;
4;9785431210240    ;48;1;2023.04.10;;;В наличии;;;
4;9785649850257    ;28;1;2023.04.05;;;В наличии;;;
4;9785266980269    ;13;1;2023.04.02;;;В наличии;;;
4;9785666310273    ;29;1;2023.02.01;;;В наличии;;;
4;9785262070289    ;10;1;2023.09.06;;;В наличии;;;
4;9785666310295    ;0;2;2023.10.09;;;Нет в наличии;;;
4;9785207200303    ;41;1;2023.07.11;;;В наличии;;;
4;9785431210316    ;9;1;2023.07.11;;;В наличии;;;
4;9785649850324    ;41;1;2023.11.11;;;В наличии;;;
4;9785162010331    ;47;1;2023.05.11;;;В наличии;;;
4;9785262070349    ;16;1;2023.09.09;;;В наличии;;;
4;9785162010356    ;19;1;2023.02.01;;;В наличии;;;
4;9785207200366    ;10;1;2023.08.09;;;В наличии;;;
4;9785355410375    ;18;1;2023.02.08;;;В наличии;;;
4;9785419780384    ;47;1;2023.07.07;;;В наличии;;;
4;9785266980393    ;46;1;2023.02.03;;;В наличии;;;
4;9785355410404    ;2;1;2023.11.06;;;В наличии;;;
4;9785419780419    ;28;1;2023.05.05;;;В наличии;;;
4;9785165800426    ;44;1;2023.05.07;;;В наличии;;;
4;9785128900436    ;46;1;2023.05.09;;;В наличии;;;
4;9785190400447    ;23;1;2023.04.01;;;В наличии;;;
4;9785419780453    ;44;1;2023.04.07;;;В наличии;;;
4;9785513530464    ;27;1;2023.02.08;;;В наличии;;;
4;9785262070476    ;14;1;2023.11.08;;;В наличии;;;
4;9785162010485    ;13;1;2023.06.04;;;В наличии;;;
4;9785419780498    ;15;1;2023.08.09;;;В наличии;;;
4;9785207200509    ;34;1;2023.10.10;;;В наличии;;;
4;9785649850515    ;50;1;2023.11.01;;;В наличии;;;
4;9785162010527    ;24;1;2023.01.02;;;В наличии;;;
4;9785262070534    ;19;1;2023.04.08;;;В наличии;;;
4;9785419780547    ;29;1;2023.01.01;;;В наличии;;;
4;9785128900553    ;25;1;2023.02.10;;;В наличии;;;
4;9785666310567    ;29;1;2023.05.04;;;В наличии;;;
4;9785109660579    ;0;2;2023.06.07;;;Нет в наличии;;;
4;9785207200581    ;14;1;2023.05.09;;;В наличии;;;
4;9785262070590    ;17;1;2023.08.08;;;В наличии;;;
4;9785899130608    ;34;1;2023.11.06;;;В наличии;;;
4;9785262070611    ;11;1;2023.08.12;;;В наличии;;;
4;9785513530625    ;44;1;2023.10.09;;;В наличии;;;
4;9785431210630    ;4;1;2023.04.03;;;В наличии;;;
4;9785666310643    ;5;1;2023.08.12;;;В наличии;;;
4;9785355410650    ;8;1;2023.08.07;;;В наличии;;;
4;9785109660664    ;30;1;2023.04.02;;;В наличии;;;
4;9785419780674    ;14;1;2023.07.10;;;В наличии;;;
4;9785207200680    ;26;1;2023.05.09;;;В наличии;;;
4;9785109660694    ;0;2;2023.09.08;;;Нет в наличии;;;
4;9785109660702    ;38;1;2023.02.08;;;В наличии;;;
4;9785419780719    ;22;1;2023.02.03;;;В наличии;;;
4;9785207200726    ;28;1;2023.09.12;;;В наличии;;;
4;9785109660733    ;2;1;2023.06.09;;;В наличии;;;
4;9785355410748    ;20;1;2023.02.03;;;В наличии;;;
4;9785122400753    ;35;1;2023.04.05;;;В наличии;;;
4;9785355410763    ;40;1;2023.04.09;;;В наличии;;;
4;9785431210775    ;22;1;2023.07.09;;;В наличии;;;
4;9785122400787    ;4;1;2023.09.06;;;В наличии;;;
4;9785207200799    ;41;1;2023.09.11;;;В наличии;;;
4;9785162010802    ;1;1;2023.11.09;;;В наличии;;;
4;9785207200817    ;6;1;2023.01.05;;;В наличии;;;
4;9785162010827    ;31;1;2023.06.12;;;В наличии;;;
4;9785431210830    ;47;1;2023.09.10;;;В наличии;;;
4;9785162010840    ;23;1;2023.02.06;;;В наличии;;;
4;9785419780853    ;6;1;2023.03.07;;;В наличии;;;
4;9785122400867    ;8;1;2023.11.09;;;В наличии;;;
4;9785162010872    ;28;1;2023.03.01;;;В наличии;;;
4;9785162010881    ;35;1;2023.01.12;;;В наличии;;;
4;9785355410893    ;3;1;2023.11.09;;;В наличии;;;
4;9785262070903    ;24;1;2023.06.07;;;В наличии;;;
4;9785207200911    ;40;1;2023.02.09;;;В наличии;;;
4;9785266980922    ;40;1;2023.06.06;;;В наличии;;;
4;9785162010930    ;32;1;2023.11.08;;;В наличии;;;
4;9785513530947    ;45;1;2023.02.10;;;В наличии;;;
4;9785899130955    ;9;1;2023.02.10;;;В наличии;;;
4;9785162010964    ;29;1;2023.08.07;;;В наличии;;;
4;9785207200978    ;16;1;2023.01.04;;;В наличии;;;
4;9785109660987    ;30;1;2023.04.05;;;В наличии;;;
4;9785109660990    ;0;2;2023.03.04;;;Нет в наличии;;;
4;9785649851003    ;41;1;2023.03.11;;;В наличии;;;
4;9785649851014    ;23;1;2023.05.11;;;В наличии;;;
4;9785190401025    ;48;1;2023.08.05;;;В наличии;;;
4;9785128901031    ;4;1;2023.08.04;;;В наличии;;;
4;9785419781047    ;35;1;2023.06.06;;;В наличии;;;
4;9785190401053    ;20;1;2023.03.07;;;В наличии;;;
4;9785162011062    ;31;1;2023.11.09;;;В наличии;;;
4;9785190401073    ;9;1;2023.06.11;;;В наличии;;;
4;9785513531081    ;26;1;2023.07.12;;;В наличии;;;
4;9785109661099    ;0;2;2023.02.04;;;Нет в наличии;;;
4;9785207201105    ;22;1;2023.10.04;;;В наличии;;;
4;9785513531113    ;2;1;2023.04.03;;;В наличии;;;
4;9785133951122    ;2;1;2023.06.07;;;В наличии;;;
4;9785128901133    ;29;1;2023.06.01;;;В наличии;;;
4;9785649851144    ;34;1;2023.03.02;;;В наличии;;;
4;9785431211150    ;19;1;2023.03.06;;;В наличии;;;
4;9785513531165    ;22;1;2023.06.09;;;В наличии;;;
4;9785419781172    ;43;1;2023.03.03;;;В наличии;;;
4;9785162011185    ;22;1;2023.05.06;;;В наличии;;;
4;9785649851191    ;22;1;2023.08.12;;;В наличии;;;
4;9785649851207    ;20;1;2023.03.04;;;В наличии;;;
4;9785899131215    ;27;1;2023.05.07;;;В наличии;;;
4;9785262071222    ;32;1;2023.11.10;;;В наличии;;;
4;9785165801234    ;33;1;2023.08.11;;;В наличии;;;
4;9785162011240    ;14;1;2023.09.07;;;В наличии;;;
4;9785419781256    ;42;1;2023.10.07;;;В наличии;;;
4;9785419781269    ;22;1;2023.03.07;;;В наличии;;;
4;9785355411272    ;15;1;2023.04.11;;;В наличии;;;
4;9785128901282    ;19;1;2023.06.02;;;В наличии;;;
4;9785899131294    ;43;1;2023.05.12;;;В наличии;;;
4;9785513531303    ;35;1;2023.05.10;;;В наличии;;;
4;9785207201316    ;15;1;2023.05.10;;;В наличии;;;
4;9785109661323    ;21;1;2023.05.03;;;В наличии;;;
4;9785165801339    ;11;1;2023.09.02;;;В наличии;;;
4;9785190401348    ;16;1;2023.03.07;;;В наличии;;;
4;9785666311355    ;21;1;2023.03.06;;;В наличии;;;
4;9785513531366    ;34;1;2023.11.01;;;В наличии;;;
4;9785128901375    ;31;1;2023.11.10;;;В наличии;;;
4;9785666311386    ;48;1;2023.11.07;;;В наличии;;;
4;9785133951399    ;8;1;2023.10.04;;;В наличии;;;
4;9785122401403    ;24;1;2023.09.04;;;В наличии;;;
4;9785190401415    ;18;1;2023.04.04;;;В наличии;;;
4;9785165801427    ;4;1;2023.02.03;;;В наличии;;;
4;9785162011436    ;31;1;2023.07.10;;;В наличии;;;
4;9785207201444    ;36;1;2023.05.10;;;В наличии;;;
4;9785122401453    ;5;1;2023.06.11;;;В наличии;;;
4;9785431211467    ;48;1;2023.03.04;;;В наличии;;;
5;9785899130013    ;9;1;2023.11.12;;;В наличии;;;
5;9785666310024    ;46;1;2023.03.07;;;В наличии;;;
5;9785649850036    ;37;1;2023.01.03;;;В наличии;;;
5;9785109660044    ;13;1;2023.09.11;;;В наличии;;;
5;9785190400057    ;40;1;2023.09.05;;;В наличии;;;
5;9785162010068    ;17;1;2023.10.05;;;В наличии;;;
5;9785122400078    ;25;1;2023.10.11;;;В наличии;;;
5;9785122400084    ;47;1;2023.11.06;;;В наличии;;;
5;9785266980092    ;26;1;2023.07.05;;;В наличии;;;
5;9785128950104    ;23;1;2023.02.10;;;В наличии;;;
5;9785431210113    ;41;1;2023.01.12;;;В наличии;;;
5;9785190400127    ;49;1;2023.09.01;;;В наличии;;;
5;9785649850132    ;49;1;2023.11.06;;;В наличии;;;
5;9785899130142    ;12;1;2023.11.04;;;В наличии;;;
5;9785666310158    ;44;1;2023.09.07;;;В наличии;;;
5;9785649850160    ;19;1;2023.10.10;;;В наличии;;;
5;9785109660175    ;48;1;2023.06.06;;;В наличии;;;
5;9785190400187    ;47;1;2023.07.01;;;В наличии;;;
5;9785431210195    ;1;1;2023.07.02;;;В наличии;;;
5;9785122400209    ;31;1;2023.10.08;;;В наличии;;;
5;9785266980212    ;22;1;2023.08.11;;;В наличии;;;
5;9785266980224    ;5;1;2023.06.06;;;В наличии;;;
5;9785190400239    ;27;1;2023.11.01;;;В наличии;;;
5;9785431210240    ;45;1;2023.05.07;;;В наличии;;;
5;9785649850257    ;0;2;2023.11.03;;;Нет в наличии;;;
5;9785266980269    ;27;1;2023.11.03;;;В наличии;;;
5;9785666310273    ;47;1;2023.09.04;;;В наличии;;;
5;9785262070289    ;4;1;2023.02.03;;;В наличии;;;
5;9785666310295    ;21;1;2023.04.04;;;В наличии;;;
5;9785207200303    ;34;1;2023.06.12;;;В наличии;;;
5;9785431210316    ;10;1;2023.03.06;;;В наличии;;;
5;9785649850324    ;32;1;2023.01.07;;;В наличии;;;
5;9785162010331    ;18;1;2023.01.04;;;В наличии;;;
5;9785262070349    ;12;1;2023.08.09;;;В наличии;;;
5;9785162010356    ;13;1;2023.03.05;;;В наличии;;;
5;9785207200366    ;11;1;2023.07.01;;;В наличии;;;
5;9785355410375    ;30;1;2023.06.06;;;В наличии;;;
5;9785419780384    ;14;1;2023.07.12;;;В наличии;;;
5;9785266980393    ;42;1;2023.08.12;;;В наличии;;;
5;9785355410404    ;0;2;2023.09.06;;;Нет в наличии;;;
5;9785419780419    ;11;1;2023.11.09;;;В наличии;;;
5;9785165800426    ;10;1;2023.03.05;;;В наличии;;;
5;9785128900436    ;24;1;2023.11.10;;;В наличии;;;
5;9785190400447    ;48;1;2023.11.06;;;В наличии;;;
5;9785419780453    ;14;1;2023.06.05;;;В наличии;;;
5;9785513530464    ;32;1;2023.11.01;;;В наличии;;;
5;9785262070476    ;37;1;2023.06.06;;;В наличии;;;
5;9785162010485    ;5;1;2023.08.09;;;В наличии;;;
5;9785419780498    ;42;1;2023.08.03;;;В наличии;;;
5;9785207200509    ;41;1;2023.01.06;;;В наличии;;;
5;9785649850515    ;34;1;2023.09.02;;;В наличии;;;
5;9785162010527    ;12;1;2023.11.01;;;В наличии;;;
5;9785262070534    ;27;1;2023.10.12;;;В наличии;;;
5;9785419780547    ;1;1;2023.07.07;;;В наличии;;;
5;9785128900553    ;29;1;2023.09.05;;;В наличии;;;
5;9785666310567    ;7;1;2023.06.12;;;В наличии;;;
5;9785109660579    ;3;1;2023.05.01;;;В наличии;;;
5;9785207200581    ;42;1;2023.06.11;;;В наличии;;;
5;9785262070590    ;20;1;2023.06.02;;;В наличии;;;
5;9785899130608    ;7;1;2023.08.06;;;В наличии;;;
5;9785262070611    ;36;1;2023.11.06;;;В наличии;;;
5;9785513530625    ;43;1;2023.08.10;;;В наличии;;;
5;9785431210630    ;32;1;2023.10.12;;;В наличии;;;
5;9785666310643    ;45;1;2023.03.07;;;В наличии;;;
5;9785355410650    ;42;1;2023.03.12;;;В наличии;;;
5;9785109660664    ;31;1;2023.02.06;;;В наличии;;;
5;9785419780674    ;48;1;2023.09.02;;;В наличии;;;
5;9785207200680    ;11;1;2023.09.06;;;В наличии;;;
5;9785109660694    ;34;1;2023.06.11;;;В наличии;;;
5;9785109660702    ;41;1;2023.07.09;;;В наличии;;;
5;9785419780719    ;43;1;2023.01.01;;;В наличии;;;
5;9785207200726    ;17;1;2023.03.06;;;В наличии;;;
5;9785109660733    ;47;1;2023.06.05;;;В наличии;;;
5;9785355410748    ;30;1;2023.07.04;;;В наличии;;;
5;9785122400753    ;1;1;2023.04.03;;;В наличии;;;
5;9785355410763    ;30;1;2023.09.11;;;В наличии;;;
5;9785431210775    ;41;1;2023.07.11;;;В наличии;;;
5;9785122400787    ;13;1;2023.11.03;;;В наличии;;;
5;9785207200799    ;47;1;2023.01.04;;;В наличии;;;
5;9785162010802    ;43;1;2023.08.09;;;В наличии;;;
5;9785207200817    ;19;1;2023.01.08;;;В наличии;;;
5;9785162010827    ;27;1;2023.07.01;;;В наличии;;;
5;9785431210830    ;30;1;2023.07.10;;;В наличии;;;
5;9785162010840    ;3;1;2023.07.07;;;В наличии;;;
5;9785419780853    ;11;1;2023.04.12;;;В наличии;;;
5;9785122400867    ;44;1;2023.04.03;;;В наличии;;;
5;9785162010872    ;8;1;2023.11.01;;;В наличии;;;
5;9785162010881    ;10;1;2023.11.01;;;В наличии;;;
5;9785355410893    ;15;1;2023.01.01;;;В наличии;;;
5;9785262070903    ;10;1;2023.09.03;;;В наличии;;;
5;9785207200911    ;19;1;2023.10.10;;;В наличии;;;
5;9785266980922    ;11;1;2023.02.11;;;В наличии;;;
5;9785162010930    ;1;1;2023.05.08;;;В наличии;;;
5;9785513530947    ;14;1;2023.05.11;;;В наличии;;;
5;9785899130955    ;30;1;2023.03.02;;;В наличии;;;
5;9785162010964    ;41;1;2023.06.08;;;В наличии;;;
5;9785207200978    ;14;1;2023.06.12;;;В наличии;;;
5;9785109660987    ;19;1;2023.09.08;;;В наличии;;;
5;9785109660990    ;29;1;2023.01.04;;;В наличии;;;
5;9785649851003    ;17;1;2023.07.11;;;В наличии;;;
5;9785649851014    ;3;1;2023.05.06;;;В наличии;;;
5;9785190401025    ;36;1;2023.11.12;;;В наличии;;;
5;9785128901031    ;0;2;2023.03.11;;;Нет в наличии;;;
5;9785419781047    ;42;1;2023.07.06;;;В наличии;;;
5;9785190401053    ;39;1;2023.05.08;;;В наличии;;;
5;9785162011062    ;6;1;2023.11.04;;;В наличии;;;
5;9785190401073    ;30;1;2023.06.09;;;В наличии;;;
5;9785513531081    ;0;2;2023.03.02;;;Нет в наличии;;;
5;9785109661099    ;50;1;2023.11.09;;;В наличии;;;
5;9785207201105    ;49;1;2023.10.05;;;В наличии;;;
5;9785513531113    ;6;1;2023.11.08;;;В наличии;;;
5;9785133951122    ;32;1;2023.07.03;;;В наличии;;;
5;9785128901133    ;27;1;2023.08.10;;;В наличии;;;
5;9785649851144    ;29;1;2023.08.02;;;В наличии;;;
5;9785431211150    ;43;1;2023.03.01;;;В наличии;;;
5;9785513531165    ;2;1;2023.05.12;;;В наличии;;;
5;9785419781172    ;0;2;2023.06.06;;;Нет в наличии;;;
5;9785162011185    ;10;1;2023.07.03;;;В наличии;;;
5;9785649851191    ;41;1;2023.10.08;;;В наличии;;;
5;9785649851207    ;27;1;2023.02.09;;;В наличии;;;
5;9785899131215    ;27;1;2023.04.09;;;В наличии;;;
5;9785262071222    ;22;1;2023.06.04;;;В наличии;;;
5;9785165801234    ;16;1;2023.02.01;;;В наличии;;;
5;9785162011240    ;21;1;2023.07.06;;;В наличии;;;
5;9785419781256    ;18;1;2023.02.10;;;В наличии;;;
5;9785419781269    ;33;1;2023.10.11;;;В наличии;;;
5;9785355411272    ;24;1;2023.06.12;;;В наличии;;;
5;9785128901282    ;14;1;2023.03.07;;;В наличии;;;
5;9785899131294    ;4;1;2023.08.04;;;В наличии;;;
5;9785513531303    ;47;1;2023.03.06;;;В наличии;;;
5;9785207201316    ;1;1;2023.08.01;;;В наличии;;;
5;9785109661323    ;40;1;2023.09.07;;;В наличии;;;
5;9785165801339    ;11;1;2023.11.03;;;В наличии;;;
5;9785190401348    ;21;1;2023.02.02;;;В наличии;;;
5;9785666311355    ;25;1;2023.01.02;;;В наличии;;;
5;9785513531366    ;39;1;2023.07.10;;;В наличии;;;
5;9785128901375    ;10;1;2023.02.03;;;В наличии;;;
5;9785666311386    ;20;1;2023.02.11;;;В наличии;;;
5;9785133951399    ;37;1;2023.09.12;;;В наличии;;;
5;9785122401403    ;40;1;2023.06.09;;;В наличии;;;
5;9785190401415    ;8;1;2023.02.07;;;В наличии;;;
5;9785165801427    ;36;1;2023.01.08;;;В наличии;;;
5;9785162011436    ;30;1;2023.05.12;;;В наличии;;;
5;9785207201444    ;20;1;2023.02.12;;;В наличии;;;
5;9785122401453    ;13;1;2023.02.08;;;В наличии;;;
5;9785431211467    ;28;1;2023.04.03;;;В наличии;;;
;;;;;;;;;;
;;;;;;;;;;
;;;;;;;;;;
;;;;;;;;;;
;;;;;;;;;;
;;;;;;;;;;
;;;;;;;;;;
;;;;;;;;;;
;;;;;;;;;;
;;;;;;;;;;
;;;;;;;;;;
;;;;;;;;;;
;;;;;;;;;;
;;;;;;;;;;
;;;;;;;;;;
;;;;;;;;;;
;;;;;;;;;;
;;;;;;;;;;
;;;;;;;;;;
;;;;;;;;;;
;;;;;;;;;;
;;;;;;;;;;
;;;;;;;;;;
;;;;;;;;;;
;;;;;;;;;;
;;;;;;;;;;
;;;;;;;;;;
;;;;;;;;;;
;;;;;;;;;;
;;;;;;;;;;
;;;;;;;;;;
;;;;;;;;;;
;;;;;;;;;;
;;;;;;;;;;
;;;;;;;;;;
;;;;;;;;;;
;;;;;;;;;;
;;;;;;;;;;
;;;;;;;;;;
;;;;;;;;;;
;;;;;;;;;;
;;;;;;;;;;
;;;;;;;;;;
;;;;;;;;;;
;;;;;;;;;;
;;;;;;;;;;
;;;;;;;;;;
;;;;;;;;;;
;;;;;;;;;;
;;;;;;;;;;
;;;;;;;;;;
;;;;;;;;;;
;;;;;;;;;;
;;;;;;;;;;
;;;;;;;;;;
;;;;;;;;;;
;;;;;;;;;;
;;;;;;;;;;
;;;;;;;;;;
;;;;;;;;;;
;;;;;;;;;;
;;;;;;;;;;
;;;;;;;;;;
;;;;;;;;;;
;;;;;;;;;;
;;;;;;;;;;
;;;;;;;;;;
;;;;;;;;;;
;;;;;;;;;;
;;;;;;;;;;
;;;;;;;;;;
;;;;;;;;;;
;;;;;;;;;;
;;;;;;;;;;
;;;;;;;;;;
;;;;;;;;;;
;;;;;;;;;;
;;;;;;;;;;
;;;;;;;;;;
;;;;;;;;;;
;;;;;;;;;;
;;;;;;;;;;
;;;;;;;;;;
;;;;;;;;;;
;;;;;;;;;;
;;;;;;;;;;
;;;;;;;;;;
;;;;;;;;;;
;;;;;;;;;;
;;;;;;;;;;
;;;;;;;;;;
;;;;;;;;;;
;;;;;;;;;;
;;;;;;;;;;
;;;;;;;;;;
;;;;;;;;;;
;;;;;;;;;;
;;;;;;;;;;
;;;;;;;;;;
;;;;;;;;;;
;;;;;;;;;;
;;;;;;;;;;
;;;;;;;;;;
;;;;;;;;;;
;;;;;;;;;;
;;;;;;;;;;
;;;;;;;;;;
;;;;;;;;;;
;;;;;;;;;;
;;;;;;;;;;
;;;;;;;;;;
;;;;;;;;;;
;;;;;;;;;;
;;;;;;;;;;
;;;;;;;;;;
;;;;;;;;;;
;;;;;;;;;;
;;;;;;;;;;
;;;;;;;;;;
;;;;;;;;;;
;;;;;;;;;;
;;;;;;;;;;
;;;;;;;;;;
;;;;;;;;;;
;;;;;;;;;;
;;;;;;;;;;
;;;;;;;;;;
;;;;;;;;;;
;;;;;;;;;;
;;;;;;;;;;
;;;;;;;;;;
;;;;;;;;;;
;;;;;;;;;;
;;;;;;;;;;
;;;;;;;;;;
;;;;;;;;;;
;;;;;;;;;;
;;;;;;;;;;
;;;;;;;;;;
;;;;;;;;;;
;;;;;;;;;;
;;;;;;;;;;
;;;;;;;;;;
;;;;;;;;;;
;;;;;;;;;;
;;;;;;;;;;
;;;;;;;;;;
;;;;;;;;;;
;;;;;;;;;;
;;;;;;;;;;
;;;;;;;;;;
;;;;;;;;;;
;;;;;;;;;;
;;;;;;;;;;
;;;;;;;;;;
;;;;;;;;;;
;;;;;;;;;;
;;;;;;;;;;
;;;;;;;;;;
;;;;;;;;;;
;;;;;;;;;;
;;;;;;;;;;
;;;;;;;;;;
;;;;;;;;;;
;;;;;;;;;;
;;;;;;;;;;
;;;;;;;;;;
;;;;;;;;;;
;;;;;;;;;;
;;;;;;;;;;
;;;;;;;;;;
;;;;;;;;;;
;;;;;;;;;;
;;;;;;;;;;
;;;;;;;;;;
;;;;;;;;;;
;;;;;;;;;;
;;;;;;;;;;
;;;;;;;;;;
;;;;;;;;;;
;;;;;;;;;;
;;;;;;;;;;
;;;;;;;;;;
;;;;;;;;;;
;;;;;;;;;;
;;;;;;;;;;
;;;;;;;;;;
;;;;;;;;;;
;;;;;;;;;;
;;;;;;;;;;
;;;;;;;;;;
;;;;;;;;;;
;;;;;;;;;;
;;;;;;;;;;
;;;;;;;;;;
;;;;;;;;;;
;;;;;;;;;;
;;;;;;;;;;
;;;;;;;;;;
;;;;;;;;;;
;;;;;;;;;;
;;;;;;;;;;
;;;;;;;;;;
;;;;;;;;;;
;;;;;;;;;;
;;;;;;;;;;
;;;;;;;;;;
;;;;;;;;;;
;;;;;;;;;;
;;;;;;;;;;
;;;;;;;;;;
;;;;;;;;;;
;;;;;;;;;;
;;;;;;;;;;
;;;;;;;;;;
;;;;;;;;;;
;;;;;;;;;;
;;;;;;;;;;
;;;;;;;;;;
;;;;;;;;;;
;;;;;;;;;;
;;;;;;;;;;
;;;;;;;;;;
;;;;;;;;;;
;;;;;;;;;;
;;;;;;;;;;
;;;;;;;;;;
;;;;;;;;;;
;;;;;;;;;;
;;;;;;;;;;
;;;;;;;;;;
;;;;;;;;;;
;;;;;;;;;;
;;;;;;;;;;
;;;;;;;;;;
;;;;;;;;;;
;;;;;;;;;;
;;;;;;;;;;
;;;;;;;;;;
;;;;;;;;;;
;;;;;;;;;;
;;;;;;;;;;
;;;;;;;;;;
;;;;;;;;;;
;;;;;;;;;;
;;;;;;;;;;
;;;;;;;;;;
;;;;;;;;;;
;;;;;;;;;;
;;;;;;;;;;
;;;;;;;;;;
;;;;;;;;;;
;;;;;;;;;;
;;;;;;;;;;
;;;;;;;;;;
;;;;;;;;;;
;;;;;;;;;;
;;;;;;;;;;
;;;;;;;;;;
;;;;;;;;;;
;;;;;;;;;;
;;;;;;;;;;
;;;;;;;;;;
;;;;;;;;;;
;;;;;;;;;;
;;;;;;;;;;
;;;;;;;;;;
;;;;;;;;;;
;;;;;;;;;;
;;;;;;;;;;
;;;;;;;;;;
;;;;;;;;;;
;;;;;;;;;;
;;;;;;;;;;
;;;;;;;;;;
;;;;;;;;;;
;;;;;;;;;;
;;;;;;;;;;
;;;;;;;;;;
;;;;;;;;;;
;;;;;;;;;;
;;;;;;;;;;
;;;;;;;;;;
;;;;;;;;;;
;;;;;;;;;;
;;;;;;;;;;
;;;;;;;;;;
;;;;;;;;;;
;;;;;;;;;;
;;;;;;;;;;
;;;;;;;;;;
;;;;;;;;;;
;;;;;;;;;;
;;;;;;;;;;
;;;;;;;;;;
;;;;;;;;;;
;;;;;;;;;;
;;;;;;;;;;
;;;;;;;;;;
;;;;;;;;;;
;;;;;;;;;;
;;;;;;;;;;
;;;;;;;;;;
;;;;;;;;;;
;;;;;;;;;;
;;;;;;;;;;
;;;;;;;;;;
;;;;;;;;;;
;;;;;;;;;;
;;;;;;;;;;
;;;;;;;;;;
;;;;;;;;;;
;;;;;;;;;;
;;;;;;;;;;
;;;;;;;;;;
;;;;;;;;;;
;;;;;;;;;;
;;;;;;;;;;
;;;;;;;;;;
;;;;;;;;;;
;;;;;;;;;;
;;;;;;;;;;
;;;;;;;;;;
;;;;;;;;;;
;;;;;;;;;;
;;;;;;;;;;
;;;;;;;;;;
;;;;;;;;;;
;;;;;;;;;;
;;;;;;;;;;
;;;;;;;;;;
;;;;;;;;;;
;;;;;;;;;;
;;;;;;;;;;
;;;;;;;;;;
;;;;;;;;;;
;;;;;;;;;;
;;;;;;;;;;
;;;;;;;;;;
;;;;;;;;;;
;;;;;;;;;;
;;;;;;;;;;
;;;;;;;;;;
;;;;;;;;;;
;;;;;;;;;;
;;;;;;;;;;
;;;;;;;;;;
;;;;;;;;;;
;;;;;;;;;;
;;;;;;;;;;
;;;;;;;;;;
;;;;;;;;;;
;;;;;;;;;;
;;;;;;;;;;
;;;;;;;;;;
;;;;;;;;;;
;;;;;;;;;;
;;;;;;;;;;
;;;;;;;;;;
;;;;;;;;;;
;;;;;;;;;;
;;;;;;;;;;
;;;;;;;;;;
;;;;;;;;;;
;;;;;;;;;;
;;;;;;;;;;
;;;;;;;;;;
;;;;;;;;;;
;;;;;;;;;;
;;;;;;;;;;
;;;;;;;;;;
;;;;;;;;;;
;;;;;;;;;;
;;;;;;;;;;
;;;;;;;;;;
;;;;;;;;;;
;;;;;;;;;;
;;;;;;;;;;
;;;;;;;;;;
;;;;;;;;;;
;;;;;;;;;;
;;;;;;;;;;
;;;;;;;;;;
;;;;;;;;;;
;;;;;;;;;;
;;;;;;;;;;
;;;;;;;;;;
;;;;;;;;;;
;;;;;;;;;;
;;;;;;;;;;
;;;;;;;;;;
;;;;;;;;;;
;;;;;;;;;;
;;;;;;;;;;
;;;;;;;;;;
;;;;;;;;;;
;;;;;;;;;;
;;;;;;;;;;
;;;;;;;;;;
;;;;;;;;;;
;;;;;;;;;;
;;;;;;;;;;
;;;;;;;;;;
;;;;;;;;;;
;;;;;;;;;;
;;;;;;;;;;
;;;;;;;;;;
;;;;;;;;;;
;;;;;;;;;;
;;;;;;;;;;
;;;;;;;;;;
;;;;;;;;;;
;;;;;;;;;;
;;;;;;;;;;
;;;;;;;;;;
;;;;;;;;;;
;;;;;;;;;;
;;;;;;;;;;
;;;;;;;;;;
;;;;;;;;;;
;;;;;;;;;;
;;;;;;;;;;
;;;;;;;;;;
;;;;;;;;;;
;;;;;;;;;;
;;;;;;;;;;
;;;;;;;;;;
;;;;;;;;;;
;;;;;;;;;;
;;;;;;;;;;
;;;;;;;;;;
;;;;;;;;;;
;;;;;;;;;;
;;;;;;;;;;
;;;;;;;;;;
;;;;;;;;;;
;;;;;;;;;;
;;;;;;;;;;
;;;;;;;;;;
;;;;;;;;;;
;;;;;;;;;;
;;;;;;;;;;
;;;;;;;;;;
;;;;;;;;;;
;;;;;;;;;;
;;;;;;;;;;
;;;;;;;;;;
;;;;;;;;;;
;;;;;;;;;;
;;;;;;;;;;
;;;;;;;;;;
;;;;;;;;;;
;;;;;;;;;;
;;;;;;;;;;
;;;;;;;;;;
;;;;;;;;;;
;;;;;;;;;;
;;;;;;;;;;
;;;;;;;;;;
;;;;;;;;;;
;;;;;;;;;;
;;;;;;;;;;
;;;;;;;;;;
;;;;;;;;;;
;;;;;;;;;;
;;;;;;;;;;
;;;;;;;;;;
;;;;;;;;;;
;;;;;;;;;;
;;;;;;;;;;
;;;;;;;;;;
;;;;;;;;;;
;;;;;;;;;;
;;;;;;;;;;
;;;;;;;;;;
;;;;;;;;;;
;;;;;;;;;;
;;;;;;;;;;
;;;;;;;;;;
;;;;;;;;;;
;;;;;;;;;;
;;;;;;;;;;
;;;;;;;;;;
;;;;;;;;;;
;;;;;;;;;;
;;;;;;;;;;
;;;;;;;;;;
;;;;;;;;;;
;;;;;;;;;;
;;;;;;;;;;
;;;;;;;;;;
;;;;;;;;;;
;;;;;;;;;;
;;;;;;;;;;
;;;;;;;;;;
;;;;;;;;;;
;;;;;;;;;;
;;;;;;;;;;
;;;;;;;;;;
;;;;;;;;;;
;;;;;;;;;;
;;;;;;;;;;
;;;;;;;;;;
;;;;;;;;;;
;;;;;;;;;;
;;;;;;;;;;
;;;;;;;;;;
;;;;;;;;;;
;;;;;;;;;;
;;;;;;;;;;
;;;;;;;;;;
;;;;;;;;;;
;;;;;;;;;;
;;;;;;;;;;
;;;;;;;;;;
;;;;;;;;;;
;;;;;;;;;;
;;;;;;;;;;
;;;;;;;;;;
;;;;;;;;;;
;;;;;;;;;;
;;;;;;;;;;
;;;;;;;;;;
;;;;;;;;;;
;;;;;;;;;;
;;;;;;;;;;
;;;;;;;;;;
;;;;;;;;;;
;;;;;;;;;;
;;;;;;;;;;
;;;;;;;;;;
;;;;;;;;;;
;;;;;;;;;;
;;;;;;;;;;
;;;;;;;;;;
;;;;;;;;;;
;;;;;;;;;;
;;;;;;;;;;
;;;;;;;;;;
;;;;;;;;;;
;;;;;;;;;;
;;;;;;;;;;
;;;;;;;;;;
;;;;;;;;;;
;;;;;;;;;;
;;;;;;;;;;
;;;;;;;;;;
;;;;;;;;;;
;;;;;;;;;;
;;;;;;;;;;
;;;;;;;;;;
;;;;;;;;;;
;;;;;;;;;;
;;;;;;;;;;
;;;;;;;;;;
;;;;;;;;;;
;;;;;;;;;;
;;;;;;;;;;
;;;;;;;;;;
;;;;;;;;;;
;;;;;;;;;;
;;;;;;;;;;
;;;;;;;;;;
;;;;;;;;;;
;;;;;;;;;;
;;;;;;;;;;
;;;;;;;;;;
;;;;;;;;;;
;;;;;;;;;;
;;;;;;;;;;
;;;;;;;;;;
;;;;;;;;;;
;;;;;;;;;;
;;;;;;;;;;
;;;;;;;;;;
;;;;;;;;;;
;;;;;;;;;;
;;;;;;;;;;
;;;;;;;;;;
;;;;;;;;;;
;;;;;;;;;;
;;;;;;;;;;
;;;;;;;;;;
;;;;;;;;;;
;;;;;;;;;;
;;;;;;;;;;
;;;;;;;;;;
;;;;;;;;;;
;;;;;;;;;;
;;;;;;;;;;
;;;;;;;;;;
;;;;;;;;;;
;;;;;;;;;;
;;;;;;;;;;
;;;;;;;;;;
;;;;;;;;;;
;;;;;;;;;;
;;;;;;;;;;
;;;;;;;;;;
;;;;;;;;;;
;;;;;;;;;;
;;;;;;;;;;
;;;;;;;;;;
;;;;;;;;;;
;;;;;;;;;;
;;;;;;;;;;
;;;;;;;;;;
;;;;;;;;;;
;;;;;;;;;;
;;;;;;;;;;
;;;;;;;;;;
;;;;;;;;;;
;;;;;;;;;;
;;;;;;;;;;
;;;;;;;;;;
;;;;;;;;;;
;;;;;;;;;;
;;;;;;;;;;
;;;;;;;;;;
;;;;;;;;;;
;;;;;;;;;;
;;;;;;;;;;
;;;;;;;;;;
;;;;;;;;;;
;;;;;;;;;;
;;;;;;;;;;
;;;;;;;;;;
;;;;;;;;;;
;;;;;;;;;;
;;;;;;;;;;
;;;;;;;;;;
;;;;;;;;;;
;;;;;;;;;;
;;;;;;;;;;
;;;;;;;;;;
;;;;;;;;;;
;;;;;;;;;;
;;;;;;;;;;
;;;;;;;;;;
;;;;;;;;;;
;;;;;;;;;;
;;;;;;;;;;
;;;;;;;;;;
;;;;;;;;;;
;;;;;;;;;;
;;;;;;;;;;
;;;;;;;;;;
;;;;;;;;;;
;;;;;;;;;;
;;;;;;;;;;
;;;;;;;;;;
;;;;;;;;;;
;;;;;;;;;;
;;;;;;;;;;
;;;;;;;;;;
;;;;;;;;;;
;;;;;;;;;;
;;;;;;;;;;
;;;;;;;;;;
;;;;;;;;;;
;;;;;;;;;;
;;;;;;;;;;
;;;;;;;;;;
;;;;;;;;;;
;;;;;;;;;;
;;;;;;;;;;
;;;;;;;;;;
;;;;;;;;;;
;;;;;;;;;;
;;;;;;;;;;
;;;;;;;;;;
;;;;;;;;;;
;;;;;;;;;;
;;;;;;;;;;
;;;;;;;;;;
;;;;;;;;;;
;;;;;;;;;;
;;;;;;;;;;
;;;;;;;;;;
;;;;;;;;;;
;;;;;;;;;;
;;;;;;;;;;
;;;;;;;;;;
;;;;;;;;;;
;;;;;;;;;;
;;;;;;;;;;
;;;;;;;;;;
;;;;;;;;;;
;;;;;;;;;;
;;;;;;;;;;
;;;;;;;;;;
;;;;;;;;;;
;;;;;;;;;;
;;;;;;;;;;
;;;;;;;;;;
;;;;;;;;;;
;;;;;;;;;;
;;;;;;;;;;
;;;;;;;;;;
;;;;;;;;;;
;;;;;;;;;;
;;;;;;;;;;
;;;;;;;;;;
;;;;;;;;;;
;;;;;;;;;;
;;;;;;;;;;
;;;;;;;;;;
;;;;;;;;;;
;;;;;;;;;;
;;;;;;;;;;
;;;;;;;;;;
;;;;;;;;;;
;;;;;;;;;;
;;;;;;;;;;
;;;;;;;;;;
;;;;;;;;;;
;;;;;;;;;;
;;;;;;;;;;
;;;;;;;;;;
;;;;;;;;;;
;;;;;;;;;;
;;;;;;;;;;
;;;;;;;;;;
;;;;;;;;;;
;;;;;;;;;;
;;;;;;;;;;
;;;;;;;;;;
;;;;;;;;;;
;;;;;;;;;;
;;;;;;;;;;
;;;;;;;;;;
;;;;;;;;;;
;;;;;;;;;;
;;;;;;;;;;
;;;;;;;;;;
;;;;;;;;;;
;;;;;;;;;;
;;;;;;;;;;
;;;;;;;;;;
;;;;;;;;;;
;;;;;;;;;;
;;;;;;;;;;
;;;;;;;;;;
;;;;;;;;;;
;;;;;;;;;;
;;;;;;;;;;
;;;;;;;;;;
;;;;;;;;;;
;;;;;;;;;;
;;;;;;;;;;
;;;;;;;;;;
;;;;;;;;;;
;;;;;;;;;;
;;;;;;;;;;
;;;;;;;;;;
;;;;;;;;;;
;;;;;;;;;;
;;;;;;;;;;
;;;;;;;;;;
;;;;;;;;;;
;;;;;;;;;;
;;;;;;;;;;
;;;;;;;;;;
;;;;;;;;;;
;;;;;;;;;;
;;;;;;;;;;
;;;;;;;;;;
;;;;;;;;;;
;;;;;;;;;;
;;;;;;;;;;
;;;;;;;;;;
;;;;;;;;;;
;;;;;;;;;;
;;;;;;;;;;
;;;;;;;;;;
;;;;;;;;;;
;;;;;;;;;;
;;;;;;;;;;
;;;;;;;;;;
;;;;;;;;;;
;;;;;;;;;;
;;;;;;;;;;
;;;;;;;;;;
;;;;;;;;;;
;;;;;;;;;;
;;;;;;;;;;
;;;;;;;;;;
;;;;;;;;;;
;;;;;;;;;;
;;;;;;;;;;
;;;;;;;;;;
;;;;;;;;;;
;;;;;;;;;;
;;;;;;;;;;
;;;;;;;;;;
;;;;;;;;;;
;;;;;;;;;;
;;;;;;;;;;
;;;;;;;;;;
;;;;;;;;;;
;;;;;;;;;;
;;;;;;;;;;
;;;;;;;;;;
;;;;;;;;;;
;;;;;;;;;;
;;;;;;;;;;
;;;;;;;;;;
;;;;;;;;;;
;;;;;;;;;;
;;;;;;;;;;
;;;;;;;;;;
;;;;;;;;;;
;;;;;;;;;;
;;;;;;;;;;
;;;;;;;;;;
;;;;;;;;;;
;;;;;;;;;;
;;;;;;;;;;
;;;;;;;;;;
;;;;;;;;;;
;;;;;;;;;;
;;;;;;;;;;
;;;;;;;;;;
;;;;;;;;;;
;;;;;;;;;;
;;;;;;;;;;
;;;;;;;;;;
;;;;;;;;;;
;;;;;;;;;;
;;;;;;;;;;
;;;;;;;;;;
;;;;;;;;;;
;;;;;;;;;;
;;;;;;;;;;
;;;;;;;;;;
;;;;;;;;;;
;;;;;;;;;;
;;;;;;;;;;
;;;;;;;;;;
;;;;;;;;;;
;;;;;;;;;;
;;;;;;;;;;
;;;;;;;;;;
;;;;;;;;;;
;;;;;;;;;;
;;;;;;;;;;
;;;;;;;;;;
;;;;;;;;;;
;;;;;;;;;;
;;;;;;;;;;
;;;;;;;;;;
;;;;;;;;;;
;;;;;;;;;;
;;;;;;;;;;
;;;;;;;;;;
;;;;;;;;;;
;;;;;;;;;;
;;;;;;;;;;
;;;;;;;;;;
;;;;;;;;;;
;;;;;;;;;;
;;;;;;;;;;
;;;;;;;;;;
;;;;;;;;;;
;;;;;;;;;;
;;;;;;;;;;
;;;;;;;;;;
;;;;;;;;;;
;;;;;;;;;;
;;;;;;;;;;
;;;;;;;;;;
;;;;;;;;;;
;;;;;;;;;;
;;;;;;;;;;
;;;;;;;;;;
;;;;;;;;;;
