Use bookstorechain;
-- MySQL dump 10.13  Distrib 8.0.28, for Win64 (x86_64)
--
-- Host: localhost    Database: bookstorechain
-- ------------------------------------------------------
-- Server version	8.0.28

/*!40101 SET @OLD_CHARACTER_SET_CLIENT=@@CHARACTER_SET_CLIENT */;
/*!40101 SET @OLD_CHARACTER_SET_RESULTS=@@CHARACTER_SET_RESULTS */;
/*!40101 SET @OLD_COLLATION_CONNECTION=@@COLLATION_CONNECTION */;
/*!50503 SET NAMES utf8 */;
/*!40103 SET @OLD_TIME_ZONE=@@TIME_ZONE */;
/*!40103 SET TIME_ZONE='+00:00' */;
/*!40014 SET @OLD_UNIQUE_CHECKS=@@UNIQUE_CHECKS, UNIQUE_CHECKS=0 */;
/*!40014 SET @OLD_FOREIGN_KEY_CHECKS=@@FOREIGN_KEY_CHECKS, FOREIGN_KEY_CHECKS=0 */;
/*!40101 SET @OLD_SQL_MODE=@@SQL_MODE, SQL_MODE='NO_AUTO_VALUE_ON_ZERO' */;
/*!40111 SET @OLD_SQL_NOTES=@@SQL_NOTES, SQL_NOTES=0 */;

--
-- Table structure for table `bookauthordetails`
--

DROP TABLE IF EXISTS `bookauthordetails`;
/*!40101 SET @saved_cs_client     = @@character_set_client */;
/*!50503 SET character_set_client = utf8mb4 */;
CREATE TABLE `bookauthordetails` (
  `BookAuthorDetailISBN` bigint NOT NULL,
  `BookAuthorDetailIdAuthor` int NOT NULL,
  KEY `BookAuthorDetailIdAuthor` (`BookAuthorDetailIdAuthor`),
  KEY `BookAuthorDetailISBN_idx` (`BookAuthorDetailISBN`),
  CONSTRAINT `BookAuthorDetailIdAuthor` FOREIGN KEY (`BookAuthorDetailIdAuthor`) REFERENCES `bookauthors` (`AuthorId`),
  CONSTRAINT `BookAuthorDetailISBN` FOREIGN KEY (`BookAuthorDetailISBN`) REFERENCES `books` (`BookISBN`)
) ENGINE=InnoDB DEFAULT CHARSET=utf8mb4 COLLATE=utf8mb4_0900_ai_ci;
/*!40101 SET character_set_client = @saved_cs_client */;

--
-- Dumping data for table `bookauthordetails`
--

LOCK TABLES `bookauthordetails` WRITE;
/*!40000 ALTER TABLE `bookauthordetails` DISABLE KEYS */;
INSERT INTO `bookauthordetails` VALUES (9785899130013,27),(9785666310024,2),(9785649850036,22),(9785109660044,12),(9785190400057,15),(9785162010068,21),(9785122400078,29),(9785122400084,3),(9785266980092,7),(9785128950104,30),(9785431210113,5),(9785190400127,30),(9785649850132,4),(9785899130142,6),(9785666310158,11),(9785649850160,12),(9785109660175,3),(9785190400187,29),(9785431210195,8),(9785122400209,5),(9785266980212,3),(9785266980224,10),(9785190400239,20),(9785431210240,16),(9785649850257,13),(9785266980269,23),(9785666310273,10),(9785262070289,15),(9785666310295,26),(9785207200303,7),(9785431210316,2),(9785649850324,22),(9785162010331,8),(9785262070349,15),(9785162010356,12),(9785207200366,12),(9785355410375,17),(9785419780384,13),(9785266980393,27),(9785355410404,4),(9785419780419,30),(9785165800426,27),(9785128900436,30),(9785190400447,20),(9785419780453,11),(9785513530464,22),(9785262070476,26),(9785162010485,5),(9785419780498,22),(9785207200509,26),(9785649850515,30),(9785162010527,1),(9785262070534,29),(9785419780547,25),(9785128900553,9),(9785666310567,27),(9785109660579,16),(9785207200581,15),(9785262070590,25),(9785899130608,24),(9785262070611,15),(9785513530625,27),(9785431210630,29),(9785666310643,10),(9785355410650,2),(9785109660664,17),(9785419780674,4),(9785207200680,21),(9785109660694,20),(9785109660702,1),(9785419780719,22),(9785207200726,23),(9785109660733,2),(9785355410748,6),(9785122400753,28),(9785355410763,24),(9785431210775,3),(9785122400787,3),(9785207200799,21),(9785162010802,3),(9785207200817,30),(9785162010827,21),(9785431210830,17),(9785162010840,23),(9785419780853,25),(9785122400867,9),(9785162010872,25),(9785162010881,9),(9785355410893,19),(9785262070903,12),(9785207200911,18),(9785266980922,23),(9785162010930,22),(9785513530947,22),(9785899130955,27),(9785162010964,13),(9785207200978,26),(9785109660987,4),(9785109660990,23),(9785649851003,2),(9785649851014,21),(9785190401025,19),(9785128901031,1),(9785419781047,12),(9785190401053,24),(9785162011062,5),(9785190401073,15),(9785513531081,26),(9785109661099,28),(9785207201105,6),(9785513531113,29),(9785133951122,19),(9785128901133,26),(9785649851144,18),(9785431211150,17),(9785513531165,6),(9785419781172,23),(9785162011185,30),(9785649851191,29),(9785649851207,13),(9785899131215,23),(9785262071222,27),(9785165801234,18),(9785162011240,9),(9785419781256,23),(9785419781269,23),(9785355411272,25),(9785128901282,1),(9785899131294,29),(9785513531303,14),(9785207201316,17),(9785109661323,19),(9785165801339,10),(9785190401348,7),(9785666311355,6),(9785513531366,4),(9785128901375,15),(9785666311386,28),(9785133951399,23),(9785122401403,6),(9785190401415,13),(9785165801427,17),(9785162011436,22),(9785207201444,3),(9785122401453,11),(9785431211467,23);
/*!40000 ALTER TABLE `bookauthordetails` ENABLE KEYS */;
UNLOCK TABLES;

--
-- Table structure for table `bookauthors`
--

DROP TABLE IF EXISTS `bookauthors`;
/*!40101 SET @saved_cs_client     = @@character_set_client */;
/*!50503 SET character_set_client = utf8mb4 */;
CREATE TABLE `bookauthors` (
  `AuthorId` int NOT NULL AUTO_INCREMENT,
  `AuthorSurname` varchar(100) NOT NULL,
  `AuthorName` varchar(100) NOT NULL,
  `AuthorPatronymic` varchar(100) NOT NULL,
  PRIMARY KEY (`AuthorId`)
) ENGINE=InnoDB AUTO_INCREMENT=31 DEFAULT CHARSET=utf8mb4 COLLATE=utf8mb4_0900_ai_ci;
/*!40101 SET character_set_client = @saved_cs_client */;

--
-- Dumping data for table `bookauthors`
--

LOCK TABLES `bookauthors` WRITE;
/*!40000 ALTER TABLE `bookauthors` DISABLE KEYS */;
INSERT INTO `bookauthors` VALUES (1,'Петров','АлександрПетров','Иванович'),(2,'Смирнова','ЕленаСмирнова','Александровна'),(3,'Кузнецов','МаксимКузнецов','Сергеевич'),(4,'Горбачева','АннаГорбачева','Павловна'),(5,'Соколов','ДмитрийСоколов','Андреевич'),(6,'Михайлова','ОльгаМихайлова','Викторовна'),(7,'Федоров','ИгорьФедоров','Александрович'),(8,'Тарасова','МаринаТарасова','Сергеевна'),(9,'Попов','АртемПопов','Владимирович'),(10,'Лебедева','НатальяЛебедева','Дмитриевна'),(11,'Романов','ПавелРоманов','Николаевич'),(12,'Козлова','ЕкатеринаКозлова','Алексеевна'),(13,'Зайцев','АлексейЗайцев','Денисович'),(14,'Полякова','ОлесяПолякова','Андреевна'),(15,'Королев','ВладимирКоролев','Игоревич'),(16,'Яковлева','СветланаЯковлева','Вячеславовна'),(17,'Горшков','АртурГоршков','Михайлович'),(18,'Морозова','ТатьянаМорозова','Петровна'),(19,'Чернов','ИльяЧернов','Валентинович'),(20,'Данилова','ЕленаДанилова','Андреевна'),(21,'Козлов','СергейКозлов','Анатольевич'),(22,'Белкина','МаргаритаБелкина','Николаевна'),(23,'Сухов','ДенисСухов','Олегович'),(24,'Носкова','АлисаНоскова','Михайловна'),(25,'Фомин','ВалентинФомин','Алексеевич'),(26,'Григорьева','ИринаГригорьева','Сергеевна'),(27,'Щербаков','АлександрЩербаков','Викторович'),(28,'Тихонова','ОксанаТихонова','Анатольевна'),(29,'Семенов','МихаилСеменов','Андреевич'),(30,'Новикова','ЕленаНовикова','Дмитриевна');
/*!40000 ALTER TABLE `bookauthors` ENABLE KEYS */;
UNLOCK TABLES;

--
-- Table structure for table `bookbindings`
--

DROP TABLE IF EXISTS `bookbindings`;
/*!40101 SET @saved_cs_client     = @@character_set_client */;
/*!50503 SET character_set_client = utf8mb4 */;
CREATE TABLE `bookbindings` (
  `BindingId` int NOT NULL AUTO_INCREMENT,
  `BindingTitle` varchar(100) NOT NULL,
  PRIMARY KEY (`BindingId`)
) ENGINE=InnoDB AUTO_INCREMENT=7 DEFAULT CHARSET=utf8mb4 COLLATE=utf8mb4_0900_ai_ci;
/*!40101 SET character_set_client = @saved_cs_client */;

--
-- Dumping data for table `bookbindings`
--

LOCK TABLES `bookbindings` WRITE;
/*!40000 ALTER TABLE `bookbindings` DISABLE KEYS */;
INSERT INTO `bookbindings` VALUES (1,'Мягкий переплёт'),(2,'Клеевое бесшвейное соединение'),(3,'Клеевое швейное соединение'),(4,'Брошюровка на пружине'),(5,'Твёрдый переплёт'),(6,'Переплёт 7Б и 7БЦ');
/*!40000 ALTER TABLE `bookbindings` ENABLE KEYS */;
UNLOCK TABLES;

--
-- Table structure for table `bookgenredetails`
--

DROP TABLE IF EXISTS `bookgenredetails`;
/*!40101 SET @saved_cs_client     = @@character_set_client */;
/*!50503 SET character_set_client = utf8mb4 */;
CREATE TABLE `bookgenredetails` (
  `BookGenreDetailISBN` bigint NOT NULL,
  `BookGenreDetailIdGenre` int NOT NULL,
  KEY `BookGenreDetailIdGenre` (`BookGenreDetailIdGenre`),
  KEY `BookGenreDetailISBN_idx` (`BookGenreDetailISBN`),
  CONSTRAINT `BookGenreDetailIdGenre` FOREIGN KEY (`BookGenreDetailIdGenre`) REFERENCES `bookgenres` (`GenreId`),
  CONSTRAINT `BookGenreDetailISBN` FOREIGN KEY (`BookGenreDetailISBN`) REFERENCES `books` (`BookISBN`)
) ENGINE=InnoDB DEFAULT CHARSET=utf8mb4 COLLATE=utf8mb4_0900_ai_ci;
/*!40101 SET character_set_client = @saved_cs_client */;

--
-- Dumping data for table `bookgenredetails`
--

LOCK TABLES `bookgenredetails` WRITE;
/*!40000 ALTER TABLE `bookgenredetails` DISABLE KEYS */;
INSERT INTO `bookgenredetails` VALUES (9785899130013,27),(9785666310024,12),(9785649850036,20),(9785109660044,10),(9785190400057,24),(9785162010068,29),(9785122400078,30),(9785122400084,4),(9785266980092,11),(9785128950104,9),(9785431210113,1),(9785190400127,3),(9785649850132,22),(9785899130142,15),(9785666310158,16),(9785649850160,15),(9785109660175,27),(9785190400187,23),(9785431210195,21),(9785122400209,18),(9785266980212,14),(9785266980224,3),(9785190400239,28),(9785431210240,18),(9785649850257,6),(9785266980269,10),(9785666310273,24),(9785262070289,27),(9785666310295,28),(9785207200303,23),(9785431210316,21),(9785649850324,23),(9785162010331,15),(9785262070349,3),(9785162010356,28),(9785207200366,8),(9785355410375,13),(9785419780384,4),(9785266980393,24),(9785355410404,4),(9785419780419,22),(9785165800426,12),(9785128900436,11),(9785190400447,1),(9785419780453,23),(9785513530464,26),(9785262070476,7),(9785162010485,23),(9785419780498,20),(9785207200509,4),(9785649850515,23),(9785162010527,30),(9785262070534,23),(9785419780547,3),(9785128900553,17),(9785666310567,15),(9785109660579,24),(9785207200581,2),(9785262070590,11),(9785899130608,4),(9785262070611,17),(9785513530625,20),(9785431210630,18),(9785666310643,30),(9785355410650,17),(9785109660664,18),(9785419780674,5),(9785207200680,28),(9785109660694,5),(9785109660702,20),(9785419780719,4),(9785207200726,24),(9785109660733,15),(9785355410748,5),(9785122400753,20),(9785355410763,9),(9785431210775,16),(9785122400787,19),(9785207200799,10),(9785162010802,24),(9785207200817,13),(9785162010827,14),(9785431210830,22),(9785162010840,1),(9785419780853,24),(9785122400867,24),(9785162010872,15),(9785162010881,22),(9785355410893,11),(9785262070903,13),(9785207200911,5),(9785266980922,28),(9785162010930,26),(9785513530947,19),(9785899130955,27),(9785162010964,29),(9785207200978,5),(9785109660987,1),(9785109660990,17),(9785649851003,21),(9785649851014,18),(9785190401025,18),(9785128901031,4),(9785419781047,11),(9785190401053,26),(9785162011062,15),(9785190401073,9),(9785513531081,19),(9785109661099,2),(9785207201105,7),(9785513531113,27),(9785133951122,10),(9785128901133,15),(9785649851144,12),(9785431211150,11),(9785513531165,14),(9785419781172,14),(9785162011185,14),(9785649851191,23),(9785649851207,29),(9785899131215,9),(9785262071222,28),(9785165801234,7),(9785162011240,8),(9785419781256,9),(9785419781269,21),(9785355411272,27),(9785128901282,30),(9785899131294,22),(9785513531303,6),(9785207201316,7),(9785109661323,18),(9785165801339,28),(9785190401348,1),(9785666311355,20),(9785513531366,8),(9785128901375,8),(9785666311386,25),(9785133951399,21),(9785122401403,8),(9785190401415,10),(9785165801427,7),(9785162011436,24),(9785207201444,30),(9785122401453,20),(9785431211467,23),(9785899130013,20),(9785666310024,22),(9785649850036,29),(9785109660044,24),(9785190400057,12),(9785162010068,23),(9785122400078,19),(9785122400084,27),(9785266980092,17),(9785128950104,24),(9785431210113,5),(9785190400127,4),(9785649850132,26),(9785899130142,1),(9785666310158,18),(9785649850160,11),(9785109660175,12),(9785190400187,14),(9785431210195,27),(9785122400209,10),(9785266980212,1),(9785266980224,10),(9785190400239,22),(9785431210240,29),(9785649850257,29),(9785266980269,12),(9785666310273,14),(9785262070289,10),(9785666310295,22),(9785207200303,6),(9785431210316,4),(9785649850324,10),(9785162010331,2),(9785262070349,29),(9785162010356,11),(9785207200366,25),(9785355410375,8),(9785419780384,25),(9785266980393,20),(9785355410404,30),(9785419780419,9),(9785165800426,26),(9785128900436,28),(9785190400447,8),(9785419780453,20),(9785513530464,28),(9785262070476,14),(9785162010485,23),(9785419780498,11),(9785207200509,17),(9785649850515,21),(9785162010527,14),(9785262070534,3),(9785419780547,12),(9785128900553,17),(9785666310567,4),(9785109660579,27),(9785207200581,24),(9785262070590,19),(9785899130608,16),(9785262070611,20),(9785513530625,1),(9785431210630,28),(9785666310643,14),(9785355410650,11),(9785109660664,23),(9785419780674,5),(9785207200680,7),(9785109660694,28),(9785109660702,12),(9785419780719,9),(9785207200726,11),(9785109660733,21),(9785355410748,26),(9785122400753,22),(9785355410763,23),(9785431210775,12),(9785122400787,3),(9785207200799,9),(9785162010802,22),(9785207200817,17),(9785162010827,10),(9785431210830,9),(9785162010840,22),(9785419780853,1),(9785122400867,4),(9785162010872,11),(9785162010881,9),(9785355410893,19),(9785262070903,15),(9785207200911,21),(9785266980922,24),(9785162010930,25),(9785513530947,26),(9785899130955,6),(9785162010964,16),(9785207200978,16),(9785109660987,5),(9785109660990,16),(9785649851003,11),(9785649851014,9),(9785190401025,29),(9785128901031,18),(9785419781047,3),(9785190401053,6),(9785162011062,7),(9785190401073,7),(9785513531081,29),(9785109661099,12),(9785207201105,2),(9785513531113,5),(9785133951122,14),(9785128901133,17),(9785649851144,28),(9785431211150,10),(9785513531165,10),(9785419781172,2),(9785162011185,18),(9785649851191,2),(9785649851207,9),(9785899131215,3),(9785262071222,10),(9785165801234,22),(9785162011240,9),(9785419781256,26),(9785419781269,10),(9785355411272,17),(9785128901282,22),(9785899131294,26),(9785513531303,6),(9785207201316,21),(9785109661323,24),(9785165801339,5),(9785190401348,10),(9785666311355,29),(9785513531366,25),(9785128901375,21),(9785666311386,15),(9785133951399,13),(9785122401403,2),(9785190401415,3),(9785165801427,13),(9785162011436,23),(9785207201444,24),(9785122401453,25),(9785431211467,26);
/*!40000 ALTER TABLE `bookgenredetails` ENABLE KEYS */;
UNLOCK TABLES;

--
-- Table structure for table `bookgenres`
--

DROP TABLE IF EXISTS `bookgenres`;
/*!40101 SET @saved_cs_client     = @@character_set_client */;
/*!50503 SET character_set_client = utf8mb4 */;
CREATE TABLE `bookgenres` (
  `GenreId` int NOT NULL AUTO_INCREMENT,
  `GenreTitle` varchar(100) NOT NULL,
  PRIMARY KEY (`GenreId`)
) ENGINE=InnoDB AUTO_INCREMENT=31 DEFAULT CHARSET=utf8mb4 COLLATE=utf8mb4_0900_ai_ci;
/*!40101 SET character_set_client = @saved_cs_client */;

--
-- Dumping data for table `bookgenres`
--

LOCK TABLES `bookgenres` WRITE;
/*!40000 ALTER TABLE `bookgenres` DISABLE KEYS */;
INSERT INTO `bookgenres` VALUES (1,'Фэнтези'),(2,'Научная фантастика'),(3,'Детектив'),(4,'Приключения'),(5,'Роман'),(6,'Триллер'),(7,'Мистика'),(8,'Реализм'),(9,'Фантастический реализм'),(10,'Историческая проза'),(11,'Драма'),(12,'Комедия'),(13,'Ужасы'),(14,'Поэзия'),(15,'Биография'),(16,'Философия'),(17,'Психология'),(18,'Религия'),(19,'Нон-фикшн'),(20,'Фэнфик (фанфикшн)'),(21,'Детская литература'),(22,'Юношеская литература'),(23,'Фэнтези для детей'),(24,'Хоррор для подростков'),(25,'Романтика'),(26,'Фантастическая романтика'),(27,'Исторический роман'),(28,'Политический триллер'),(29,'Экологическая проза'),(30,'Юридический детектив');
/*!40000 ALTER TABLE `bookgenres` ENABLE KEYS */;
UNLOCK TABLES;

--
-- Table structure for table `bookpublishers`
--

DROP TABLE IF EXISTS `bookpublishers`;
/*!40101 SET @saved_cs_client     = @@character_set_client */;
/*!50503 SET character_set_client = utf8mb4 */;
CREATE TABLE `bookpublishers` (
  `PublisherId` int NOT NULL AUTO_INCREMENT,
  `PublisherTitle` varchar(200) NOT NULL,
  `PublisherNumPhone` varchar(11) NOT NULL,
  `PublisherIndex` int NOT NULL,
  `PublisherCity` varchar(100) NOT NULL,
  `PublisherStreet` varchar(100) NOT NULL,
  `PublisherRegeon` varchar(100) NOT NULL,
  PRIMARY KEY (`PublisherId`)
) ENGINE=InnoDB AUTO_INCREMENT=89914 DEFAULT CHARSET=utf8mb4 COLLATE=utf8mb4_0900_ai_ci;
/*!40101 SET character_set_client = @saved_cs_client */;

--
-- Dumping data for table `bookpublishers`
--

LOCK TABLES `bookpublishers` WRITE;
/*!40000 ALTER TABLE `bookpublishers` DISABLE KEYS */;
INSERT INTO `bookpublishers` VALUES (10966,'Литературное наследие','71112223333',111111,'Москва','улица Тверская, дом 55, кв. 10','Московская область'),(12240,'Искусство и Культура','74445556666',444444,'Казань','улица Баумана, дом 30, офис 5','Республика Татарстан'),(12890,'Природоведение и Окружающая среда','78889990000',888888,'Красноярск','улица Лесная, дом 25, кв. 4','Красноярский край'),(12895,'Научные Исследования','76667778888',666666,'Ростов-на-Дону','улица Пушкинская, дом 5, офис 12','Ростовская область'),(13395,'Спорт и Фитнес','75556667777',5555555,'Краснодар','улица Героев-Разведчиков, дом 8','Краснодарский край'),(16201,'Техническая Литература','73334445555',333333,'Екатеринбург','проспект Ленина, дом 123','Свердловская область'),(16580,'Архитектура и Дизайн','73334445555',3333333,'Омск','улица Мира, дом 40, офис 9','Омская область'),(19040,'Наука и Образование','72223334444',222222,'Санкт-Петербург','улица Мичуринская, дом 7, офис 3','Ленинградская область'),(20720,'Медицина и Здравоохранение','70001112222',123456,'Ижевск','улица Советская, дом 10, офис 2','Удмуртская Республика'),(26207,'Информационные Технологии','71112223333',1111111,'Калининград','проспект Гагарина, дом 15, офис 6','Калининградская область'),(26698,'Детская Литература','75556667777',555555,'Новосибирск','улица Гоголя, дом 17, кв.8','Новосибирская область'),(35541,'История и Культурология','79990001111',999999,'Ульяновск','улица Пушкина, дом 3, офис 7','Ульяновская область'),(41978,'Музыка и Искусство','74445556666',4444444,'Челябинск','улица Карла Маркса, дом 22, офис 4','Челябинская область'),(43121,'Экономика и Бизнес','77778889999',777777,'Самара','улица Кирова, дом 12, офис 1','Самарская область'),(51353,'Психология и Саморазвитие','72223334444',2222222,'Волгоград','улица Ленина, дом 54, офис 11','Волгоградская область'),(64985,'Знание и Творчество','75551234567',555555,'Уфа','улица Кирова, дом 31/2','Республика Башкортостан'),(66631,'Читай и Воображай','79876543210',654321,'Санкт-Петербург','Невский проспект, дом 87, кв.23','Ленинградская область'),(89913,'Книги и Знание','71234567890',123456,'Москва','улица Профсоюзная, дом 123, офис 45','Московская область');
/*!40000 ALTER TABLE `bookpublishers` ENABLE KEYS */;
UNLOCK TABLES;

--
-- Table structure for table `books`
--

DROP TABLE IF EXISTS `books`;
/*!40101 SET @saved_cs_client     = @@character_set_client */;
/*!50503 SET character_set_client = utf8mb4 */;
CREATE TABLE `books` (
  `BookISBN` bigint NOT NULL,
  `BookTitle` varchar(200) NOT NULL,
  `BookDescription` varchar(1000) NOT NULL,
  `BookIdSeries` int DEFAULT NULL,
  `BookCirculation` int DEFAULT NULL,
  `BookIdPublisher` int NOT NULL,
  `BookIdBinding` int NOT NULL,
  `BookSize` varchar(35) NOT NULL,
  `BookPageCount` int NOT NULL,
  `BookPrice` decimal(5,2) NOT NULL,
  `BookDiscount` int DEFAULT '0',
  `BooksQuantityInNetwork` int DEFAULT '0',
  PRIMARY KEY (`BookISBN`),
  KEY `BookIdSeries` (`BookIdSeries`),
  KEY `BookIdPublisher` (`BookIdPublisher`),
  KEY `BookIdBinding` (`BookIdBinding`),
  CONSTRAINT `BookIdBinding` FOREIGN KEY (`BookIdBinding`) REFERENCES `bookbindings` (`BindingId`),
  CONSTRAINT `BookIdPublisher` FOREIGN KEY (`BookIdPublisher`) REFERENCES `bookpublishers` (`PublisherId`),
  CONSTRAINT `BookIdSeries` FOREIGN KEY (`BookIdSeries`) REFERENCES `bookseries` (`SerieId`)
) ENGINE=InnoDB DEFAULT CHARSET=utf8mb4 COLLATE=utf8mb4_0900_ai_ci;
/*!40101 SET character_set_client = @saved_cs_client */;

--
-- Dumping data for table `books`
--

LOCK TABLES `books` WRITE;
/*!40000 ALTER TABLE `books` DISABLE KEYS */;
INSERT INTO `books` VALUES (9785109660044,'Таинственные земли','Здесь вы найдете вдохновляющие истории о том, как преодолеть трудности и найти свой путь к успеху.',13,3610,10966,3,'11x23 см',507,540.00,29,3397),(9785109660175,'В поисках магических артефактов','В этой книге вы найдете ответы на вопросы о происхождении человека и его месте во вселенной.',11,0,10966,1,'12x22 см',794,880.00,3,4375),(9785109660579,'Подземный мир','В этой книге герои борются с темными силами и ищут свой путь к светлому будущему.',8,5040,26698,4,'15x23 см',513,620.00,13,2964),(9785109660664,'Приключения юных археологов','Странички этой книги скрывают тайны и загадки, ожидающие вашего разгадывания.',5,2310,19040,1,'14x24 см',691,690.00,29,0),(9785109660694,'Тайная жизнь городских улиц','Очаровательные рассказы о приключениях и стремлении к цели подарят вам уверенность в своих силах.',7,5370,16580,3,'13x20 см',745,570.00,45,3610),(9785109660702,'Сила магии','В этой книге каждый персонаж ищет свой путь и осмысливает смысл жизни.',2,820,89913,5,'12x21 см',526,570.00,42,5713),(9785109660733,'Реальность и фантазия','Страницы этой книги наполняются таинственными событиями и загадками, ожидающими разгадывания.',11,910,26698,1,'13x21 см',850,760.00,31,5895),(9785109660987,'Приключения под землей','Очаровательные рассказы о приключениях и смелости подарят вам вдохновение.',2,4100,41978,3,'15x21 см',789,760.00,3,5598),(9785109660990,'Искусство обмана','В этой книге каждый персонаж стремится к переменам и ищет смысл жизни.',11,7140,16580,4,'11x23 см',740,620.00,27,3415),(9785109661099,'Тайная комната','Очаровательные рассказы о дружбе и преданности подарят вам радость и тепло.',8,0,26698,1,'14x20 см',756,890.00,35,4172),(9785109661323,'Загадочные приключения','Страницы этой книги наполняются философскими размышлениями и глубокими мыслями.',NULL,2990,12240,3,'16x20 см',650,560.00,48,3597),(9785122400078,'Чудеса под водой','В этой книге каждый герой ищет свое место в мире, и только читатель может помочь им найти ответы.',NULL,0,12240,1,'16x24 см',635,550.00,26,1810),(9785122400084,'В поисках атлантов','Загадочные события и неожиданные повороты сюжета ожидают вас на страницах этой захватывающей книги.',14,0,12240,5,'14x24 см',563,520.00,48,1379),(9785122400209,'По следам магических артефактов','В этой книге каждый герой ищет свое призвание, и только вы сможете помочь им найти путь.',4,520,12240,5,'16x24 см',563,570.00,20,3749),(9785122400753,'Путешествие в неизвестное прошлое','Эта книга предлагает вам взглянуть на мир с новой стороны и найти вдохновение для своих действий.',2,0,16580,2,'14x22 см',697,730.00,18,3214),(9785122400787,'Скрытые сокровища','Загадочные события и неожиданные сюжетные повороты сделают ваше чтение увлекательным и захватывающим.',5,560,12890,3,'16x19 см',739,810.00,33,1580),(9785122400867,'Подводное царство','Странички этой книги скрывают тайны и загадки, ожидающие вашего разгадывания.',6,0,12890,6,'13x22 см',721,800.00,38,0),(9785122401403,'Сокровища времени','Эта книга приглашает вас в мир фантастических сражений и эпических событий.',3,5370,51353,2,'11x21 см',677,570.00,41,3158),(9785122401453,'Загадки мистических миров','Эта книга предлагает вам погрузиться в мир научных открытий и революционных идей.',4,1180,16580,5,'15x24 см',831,740.00,22,3045),(9785128900436,'Тайны магического ордена','Страницы этой книги наполняются магией и волшебством, создавая уникальную атмосферу волшебных миров.',3,5280,12890,1,'16x23 см',673,630.00,3,3187),(9785128900553,'Фантастическая реальность','Эта книга предлагает увлекательное погружение в прошлое, где история оживает на страницах.',12,7970,13395,4,'14x22 см',709,570.00,20,4518),(9785128901031,'Тайна проклятого острова','Страницы этой книги наполнены страстью и романтикой, которые пронзят ваше сердце.',2,7030,66631,1,'13x22 см',700,720.00,0,3571),(9785128901133,'По следам загадок','Здесь вы найдете рассказы о семейных ценностях и важности связей между людьми.',NULL,4550,43121,3,'11x22 см',775,830.00,37,4957),(9785128901282,'В поисках потерянных времен','Загадочные события и неожиданные обороты сюжета заставят вас читать даже до поздней ночи.',6,6870,64985,1,'11x20 см',578,630.00,40,5010),(9785128901375,'Приключения в иных мирах','Загадочные события и неожиданные открытия превратят ваше чтение в настоящее приключение.',8,0,89913,5,'12x23 см',567,670.00,32,3350),(9785128950104,'Магический мир','В этой книге вы найдете увлекательные рассказы о приключениях, которые заставят вас мечтать.',NULL,2400,12895,4,'11x22 см',891,900.00,41,2727),(9785133951122,'Искусство выживания','Страницы этой книги наполняются мудрыми советами и наставлениями, которые помогут в жизни.',7,2310,12895,5,'15x22 см',897,700.00,22,868),(9785133951399,'По следам забытых магии','В этой книге каждый персонаж борется за свои убеждения и идеалы, несмотря на все трудности.',14,1450,51353,3,'13x22 см',537,730.00,17,1894),(9785162010068,'Подводные приключения','Странички этой книги скрывают тайны и приключения, которые ждут своего открытия.',3,7690,16201,2,'15x21 см',749,840.00,32,3875),(9785162010331,'Мир сновидений','Страницы этой книги наполнены интригой и загадками, которые заставят вас размышлять.',3,1590,16201,1,'15x24 см',709,520.00,20,6581),(9785162010356,'Семейные тайны','Эта книга предлагает вам взглянуть на мир с разных сторон и найти ответы на вопросы о жизни.',NULL,4650,16201,4,'13x20 см',539,810.00,6,4102),(9785162010485,'Тайны прошлого','Загадочные события и неожиданные открытия сделают ваше чтение увлекательным и захватывающим.',5,1510,12890,3,'15x23 см',826,710.00,15,5601),(9785162010527,'Романтика под звездами','В этой книге рассказывается о стремлении к знанию и познанию, о вечной жажде открытий.',10,4510,64985,6,'14x22 см',568,550.00,41,3010),(9785162010802,'Тайны магической школы','В этой книге каждый персонаж ищет свой путь и находит ответы на свои вопросы.',6,3870,13395,3,'14x19 см',686,650.00,29,2173),(9785162010827,'Загадочный мир подземелий','В этой книге вы найдете волнующие рассказы о страсти и любви, которые преодолевают все преграды.',6,1610,26698,4,'13x23 см',559,840.00,46,1833),(9785162010840,'Приключения молодых исследователей','Здесь вы найдете увлекательные рассказы о путешествиях и приключениях, которые заставят вас мечтать.',12,2850,26207,6,'13x21 см',760,550.00,34,5524),(9785162010872,'Загадки забытых мест','В этой книге герои ищут свой путь в жизни и находят вдохновение для своих мечт.',12,7590,51353,2,'14x22 см',710,810.00,24,927),(9785162010881,'Сокровища пиратов','Загадочные события и неожиданные развороты сюжета сделают ваше чтение увлекательным и захватывающим.',10,6560,89913,4,'14x23 см',711,780.00,29,6778),(9785162010930,'Загадочные существа','Здесь вы найдете рассказы о смелых путешественниках, готовых исследовать неизведанные горизонты.',8,4210,13395,1,'11x22 см',682,560.00,18,2524),(9785162010964,'Таинственные камни','В этой книге герои преодолевают трудности и находят силы идти вперед.',3,4130,12890,5,'14x23 см',658,560.00,47,1827),(9785162011062,'Загадочные двери','Странички этой книги скрывают истории о борьбе за справедливость и свободу.',3,7210,13395,1,'14x21 см',829,550.00,37,341),(9785162011185,'Путешествие в прошлое и будущее','Очаровательные рассказы о приключениях и смелости вдохновят вас на смелые поступки.',10,1080,10966,5,'13x21 см',707,760.00,10,5325),(9785162011240,'Приключения в параллельной реальности','Здесь вы найдете рассказы о борьбе за выживание в дикой природе и против сил природы.',11,5380,26698,4,'11x21 см',843,500.00,15,3611),(9785162011436,'Магия прошлого и будущего','Страницы этой книги наполнены душевными историями о взаимоотношениях и человеческих чувствах.',1,4310,26698,6,'16x23 см',843,650.00,14,866),(9785165800426,'В поисках сокровищ','В этой книге рассказывается о смелых искателях приключений, готовых идти до конца ради своих целей.',4,6510,16580,3,'12x20 см',777,560.00,30,4312),(9785165801234,'Под покровом мрака','Страницы этой книги наполнены историческими событиями и великими деяниями великих личностей.',4,0,26207,2,'12x20 см',692,660.00,13,4569),(9785165801339,'Секреты исчезнувших городов','Здесь вы найдете рассказы о стремлении к знаниям и поиске истины в мире.',6,3030,16201,4,'16x23 см',890,680.00,24,4514),(9785165801427,'Тайны магических артефактов','Эта книга откроет перед вами мир магии и волшебства, где каждая страница приносит сюрпризы.',5,5680,10966,6,'16x19 см',771,790.00,4,1629),(9785190400057,'Сокровища подземелий','Эта книга расскажет о путешествии главных героев и о том, как они нашли смысл в самых невероятных местах.',14,3110,19040,1,'15x19 см',679,510.00,48,5032),(9785190400127,'Загадочные замки','В этой книге каждая история - это путешествие в прошлое, где герои исследуют тайны своего прошлого.',13,4500,19040,3,'13x23 см',672,870.00,18,4362),(9785190400187,'Магические приключения','Загадочные сюжеты и интриги сделают вас зависимыми от каждой страницы этой книги.',5,0,19040,3,'16x21 см',570,740.00,46,3711),(9785190400239,'Загадки прошлого','Страницы этой книги наполнены чудесами природы и волшебством, которое ожидает открытия.',10,6270,19040,3,'13x22 см',660,660.00,25,4068),(9785190400447,'Охотники за загадками','Здесь вы найдете увлекательные истории о путешествиях, открывающих новые горизонты познания.',1,4110,19040,5,'12x21 см',635,510.00,4,6589),(9785190401025,'В поисках артефактов','Эта книга откроет перед вами великие эпохи и важные события, изменившие ход истории.',6,1300,19040,1,'12x21 см',552,730.00,1,6575),(9785190401053,'Путешествие в мир драконов','Эта книга предлагает вам пережить волнующие приключения и стать частью их мира.',13,6400,16580,3,'13x19 см',821,760.00,37,4482),(9785190401073,'Секреты заброшенных мест','В этой книге герои исследуют темные уголки человеческой души и находят свет внутри себя.',13,770,26698,6,'15x23 см',574,820.00,4,6843),(9785190401348,'Легенды о потерянных цивилизациях','Эта книга предлагает вам погрузиться в мир музыки и звуков, которые захватывают вас с первых аккордов.',9,7180,10966,2,'13x20 см',879,820.00,3,622),(9785190401415,'В поисках чудес','В этой книге вас ждут захватывающие приключения в поиске затерянных цивилизаций и сокровищ.',1,0,35541,6,'12x24 см',512,830.00,32,4563),(9785207200303,'Приключения во времени','В этой книге каждый персонаж ищет свой путь и открывает новые возможности.',12,0,20720,2,'11x19 см',581,780.00,38,0),(9785207200366,'Зов джунглей','Странички этой книги скрывают в себе уроки и мудрость, которые можно применить в повседневной жизни.',6,4690,20720,6,'16x21 см',684,560.00,13,1970),(9785207200509,'Секреты времени','В этой книге каждый персонаж ищет свое призвание и находит смысл в своих действиях.',13,5260,66631,4,'15x20 см',550,700.00,21,6818),(9785207200581,'Сквозь время и пространство','Загадочные тайны и интриги сделают вас частью истории и заставят вас думать.',11,6500,26698,1,'14x24 см',582,870.00,5,629),(9785207200680,'Подземный лабиринт','Загадочные события и неожиданные сюжетные повороты подарят вам увлекательные часы чтения.',11,7070,19040,1,'13x22 см',718,790.00,29,0),(9785207200726,'Секреты древних племен','Эта книга приглашает вас погрузиться в мир фантастики и встретиться с героями, способными изменить мир.',13,4720,26207,2,'11x22 см',605,520.00,1,3747),(9785207200799,'Хроники времени','Очаровательные рассказы о приключениях и дружбе наполнят вас теплом и радостью.',1,4240,64985,3,'13x21 см',553,660.00,8,4473),(9785207200817,'Легенды о драконах','Эта книга откроет перед вами мир приключений и невероятных открытий, где каждая страница — это новое открытие.',12,7810,12895,6,'13x23 см',872,610.00,30,2189),(9785207200911,'Магия времени','Эта книга приглашает вас на увлекательное путешествие в мир фантазии и волшебства.',NULL,0,26207,1,'12x22 см',521,500.00,19,6572),(9785207200978,'Под покровом ночи','Загадочные события и неожиданные открытия сделают ваше чтение увлекательным и захватывающим.',5,2060,16580,6,'16x19 см',656,530.00,29,0),(9785207201105,'Под покровом луны','В этой книге каждый персонаж стремится к переменам и росту, даже в самых сложных ситуациях.',4,3460,51353,5,'14x19 см',780,630.00,11,6885),(9785207201316,'Путешествие в мир загадок','Эта книга приглашает вас в мир искусства и красоты, где каждая страница — это произведение искусства.',2,0,43121,1,'11x21 см',679,840.00,48,2710),(9785207201444,'Путешествие в иные эпохи','Здесь вы найдете рассказы о приключениях в далеких странах и встречах с невероятными существами.',11,4460,10966,4,'15x19 см',703,540.00,23,4700),(9785262070289,'По следам загадок','Загадочные истории и неожиданные развороты событий ждут вас на страницах этой увлекательной книги.',3,6410,26207,6,'14x20 см',760,750.00,26,280),(9785262070349,'Космическая одиссея','Здесь вы найдете захватывающие истории о выдающихся личностях, меняющих ход истории.',1,7110,26207,3,'12x21 см',797,740.00,22,2450),(9785262070476,'Путешествие в неизведанное','В этой книге герои ищут свой путь в мире, полном возможностей и испытаний.',5,3870,19040,3,'13x23 см',615,550.00,17,6537),(9785262070534,'Дневник исследователя','Страницы этой книги наполнены магией слов и искусством повествования, которые завораживают.',13,1820,16580,4,'16x20 см',853,650.00,9,3895),(9785262070590,'Истории из будущего','Очаровательные рассказы о приключениях и открытиях помогут вам увидеть мир с новой стороны.',5,4560,12890,3,'16x22 см',785,530.00,23,840),(9785262070611,'Тайна забытых храмов','В этой книге рассказывается история о смелых искателях приключений, готовых исследовать неизведанные миры.',6,5160,19040,2,'15x22 см',775,590.00,13,5143),(9785262070903,'Тайна древних манускриптов','В этой книге каждый персонаж сталкивается с выборами и ищет свой путь к счастью.',8,7290,12895,1,'12x21 см',647,540.00,46,0),(9785262071222,'Таинственная комната','Эта книга откроет перед вами двери в фантастические миры и приключения на невероятных планетах.',9,5490,20720,6,'14x23 см',626,740.00,3,2145),(9785266980092,'Загадки далёких океанов','Очаровательные истории о любви и дружбе разгадывают тайны человеческих отношений и чувств.',9,3200,26698,4,'16x20 см',622,790.00,37,3263),(9785266980212,'Магическая природа','Эта книга погрузит вас в мир загадок и тайн, где каждый шаг - это новое открытие.',7,3030,26698,2,'14x20 см',516,770.00,2,5408),(9785266980224,'Тень Мага','В этой книге вы найдете истории о борьбе за выживание и о несгибаемой воле к победе.',3,0,26698,3,'12x22 см',900,780.00,11,2374),(9785266980269,'Орден драконов','Странички этой книги скрывают загадки и приключения, которые ждут вас на каждой странице.',NULL,2110,26698,4,'16x23 см',680,850.00,42,5901),(9785266980393,'Стражи портала','Очаровательные рассказы о приключениях и открытиях откроют перед вами мир новых возможностей.',8,0,26698,3,'15x24 см',780,690.00,4,0),(9785266980922,'Путешествие в древний Египет','Страницы этой книги наполнены магией и великими историями, которые оживают перед вами.',1,2610,12240,4,'11x22 см',854,500.00,35,3018),(9785355410375,'Искусство выживания','В этой книге герои борются с темными силами и исследуют невидимые грани реальности.',5,2760,35541,1,'15x24 см',757,700.00,28,1519),(9785355410404,'Легенда о герое','В этой книге каждый персонаж ищет свое место в жизни и сталкивается с вызовами судьбы.',NULL,0,35541,1,'12x20 см',871,580.00,7,6445),(9785355410650,'Остров загадок','Эта книга предлагает вам погрузиться в мир магии и волшебства, где невозможное становится реальным.',5,6600,10966,1,'13x21 см',774,770.00,1,4999),(9785355410748,'Поиск истины','Здесь вы найдете истории о смелых исследователях, готовых идти на край света в поисках истины.',2,2480,26698,5,'13x23 см',860,600.00,43,5532),(9785355410763,'Таинственный остров','Странички этой книги скрывают в себе жизненные уроки и мудрость, которые можно применить в жизни.',2,3830,66631,2,'11x24 см',894,530.00,11,3324),(9785355410893,'В поисках затерянных городов','Очаровательные рассказы о дружбе и солидарности подарят вам радость и улыбки.',8,6260,10966,4,'16x19 см',870,860.00,49,6304),(9785355411272,'Сокровища затерянных цивилизаций','В этой книге герои идут через огонь и воду, чтобы достичь своей цели и победить зло.',1,5590,19040,1,'12x20 см',796,830.00,29,2949),(9785419780384,'Свет и тьма','Загадочные события и неожиданные повороты сюжета ждут вас на каждой странице.',8,3490,41978,3,'12x20 см',788,800.00,15,2445),(9785419780419,'Подземные миры','Эта книга перенесет вас в мир древних легенд и героических подвигов, где судьбы переплетаются.',5,4770,41978,3,'11x23 см',860,660.00,14,0),(9785419780453,'Магия в крови','Эта книга предлагает углубиться в тайны человеческой души и раскроет перед вами ее многогранность.',8,7000,41978,3,'16x19 см',525,600.00,24,2516),(9785419780498,'Загадки вселенной','Очаровательные рассказы о приключениях и смелых решениях откроют перед вами новые горизонты.',4,540,16201,5,'12x20 см',805,570.00,31,683),(9785419780547,'Приключения в джунглях','Здесь вы найдете вдохновляющие истории о смелых путешественниках, исследующих далекие земли.',13,3340,26698,3,'13x21 см',720,850.00,5,1894),(9785419780674,'Искусство и волшебство','В этой книге герои исследуют темные уголки человеческой души и находят свет в самых тяжелых моментах.',4,7820,41978,5,'13x22 см',824,550.00,2,5306),(9785419780719,'Мистические истории','В этой книге вы найдете потрясающие истории о приключениях и открытиях, которые заставят вас мечтать.',13,6670,13395,4,'12x20 см',869,740.00,15,3433),(9785419780853,'Искусство древних цивилизаций','Эта книга предлагает вам взглянуть на мир глазами героев, которые идут до конца ради своих целей.',3,2350,66631,6,'13x23 см',821,610.00,26,3164),(9785419781047,'Магический мир фантазии','Здесь вы найдете рассказы о судьбоносных выборах и их последствиях для героев.',6,3620,26207,4,'14x24 см',689,740.00,15,4957),(9785419781172,'Магические друзья','Загадочные события и неожиданные открытия станут частью вашего литературного путешествия.',12,2520,26698,6,'13x24 см',606,780.00,32,5975),(9785419781256,'Искусство путешествия','Эта книга предлагает вам погрузиться в мир фантастических существ и волшебства.',1,3380,19040,4,'15x21 см',570,740.00,26,1442),(9785419781269,'По следам таинственных событий','Странички этой книги скрывают в себе тайны старинных артефактов и сокровищ.',4,2690,66631,5,'13x19 см',727,820.00,40,3623),(9785431210113,'По следам магии','Эта книга расскажет вам о мудрости и философии, которые помогут вам лучше понять смысл жизни.',NULL,2470,43121,4,'11x21 см',526,750.00,27,6668),(9785431210195,'Загадочные сокровища','Очаровательные рассказы о приключениях и путешествиях заставят вас мечтать о новых горизонтах.',4,2710,43121,6,'15x23 см',593,530.00,27,2405),(9785431210240,'Путь в неизведанное','Здесь вы найдете вдохновляющие истории о силе дружбы и важности семьи.',14,2300,43121,6,'15x24 см',865,810.00,15,3010),(9785431210316,'Секреты древних храмов','Эта книга приглашает вас на увлекательное путешествие в мир фантастических приключений и магии.',8,1090,43121,2,'16x22 см',503,690.00,10,4369),(9785431210630,'Смерть на палубе','Страницы этой книги наполняются мудростью и философией, помогая вам размышлять над важными вопросами.',3,0,13395,4,'12x23 см',876,840.00,37,1453),(9785431210775,'В поисках приключений','В этой книге герои путешествуют во времени и преодолевают преграды, чтобы изменить ход истории.',2,540,26207,2,'12x23 см',790,870.00,17,0),(9785431210830,'Магия в каждом слове','Страницы этой книги наполняются мудрыми уроками и наставлениями, которые помогут вам в жизни.',2,6080,16580,6,'11x20 см',550,540.00,35,351),(9785431211150,'В поисках магии','Странички этой книги скрывают сказочные истории, которые погрузят вас в мир волшебства.',10,1550,16201,2,'14x19 см',588,770.00,8,2421),(9785431211467,'Секреты древних книг','Странички этой книги скрывают в себе тайны и загадки, которые ждут своего разгадывания.',10,5000,89913,2,'16x23 см',858,580.00,47,1627),(9785513530464,'Приключения в мире фантастики','Странички этой книги скрывают загадки и решения, которые помогут вам преодолеть жизненные трудности.',3,3260,51353,4,'14x22 см',882,510.00,32,0),(9785513530625,'Легенды и мифы','Эта книга приглашает вас на захватывающее путешествие в прошлое и будущее, где время не имеет границ.',9,6700,19040,4,'12x21 см',719,770.00,30,4731),(9785513530947,'Секреты звездного неба','Эта книга предлагает вам заглянуть в будущее и представить мир, который еще не существует.',2,7360,64985,4,'13x19 см',820,730.00,0,2553),(9785513531081,'Легенды старых времен','Загадочные события и неожиданные сюжетные повороты сделают ваше чтение захватывающим.',1,0,43121,6,'12x20 см',840,800.00,3,2607),(9785513531113,'Приключения в мистическом мире','Эта книга приглашает вас в мир науки и открытий, где нет границ для человеческого ума.',14,7680,26698,2,'13x20 см',742,590.00,5,3181),(9785513531165,'Тайны королевства','В этой книге герои сталкиваются с темными силами и ищут способы их победить.',14,1310,43121,6,'16x24 см',546,850.00,41,1057),(9785513531303,'Магия искусства','В этой книге каждый персонаж ищет свое место в мире и пытается найти смысл жизни.',1,2820,19040,4,'15x20 см',872,760.00,18,6205),(9785513531366,'Под покровом древних легенд','В этой книге герои исследуют мрачные подземелья и сталкиваются с опасными существами.',6,7420,41978,1,'15x19 см',818,580.00,8,2129),(9785649850036,'Магия и приключения в мире','Страницы этой книги наполнились магией и интригами, которые заставят читателя держать дыхание.',9,7310,64985,3,'12x23 см',674,610.00,40,2178),(9785649850132,'Волшебные подземелья','Страницы этой книги наполнены страстью и романтикой, которые заставят ваше сердце биться быстрее.',13,6130,64985,3,'14x21 см',691,810.00,17,4823),(9785649850160,'Тайны археологии','Странички этой книги скрывают тайны магии и волшебства, ожидающие своих героев.',7,6160,64985,4,'15x19 см',554,630.00,35,772),(9785649850257,'Сквозь мрак','Эта книга предлагает вам путешествие в прошлое, где герои исследуют тайны давно ушедших времен.',4,950,64985,1,'14x20 см',751,540.00,11,1772),(9785649850324,'Драконы и герои','В этой книге рассказывается история о смелых искателях приключений, готовых рискнуть всем ради цели.',5,6530,64985,1,'15x20 см',867,790.00,29,1327),(9785649850515,'Магия и приключения','Эта книга откроет перед вами мир искусства и творчества, где каждый момент становится важным.',14,5110,64985,3,'13x20 см',676,890.00,37,1168),(9785649851003,'По следам давних цивилизаций','Эта книга приглашает вас в мир магии и волшебства, где мечты становятся реальностью.',NULL,5470,10966,3,'11x24 см',547,720.00,18,5584),(9785649851014,'Сокровища королей','В этой книге вы погрузитесь в мир тайн и загадок, которые ждут своего разгадывания.',12,7260,20720,1,'11x20 см',615,830.00,35,1109),(9785649851144,'Сокровища океана','Эта книга предлагает вам взглянуть на мир с новой стороны и открыть для себя неизведанные горизонты.',1,6880,19040,2,'15x21 см',616,830.00,23,6005),(9785649851191,'Загадочная история','В этой книге каждый персонаж ищет свое место в мире и свой путь к счастью.',8,4280,16201,2,'15x19 см',752,500.00,43,1105),(9785649851207,'Секреты древних богов','Эта книга приглашает вас в мир мистики и загадок, где реальность переплетается с фантазией.',11,7410,16201,4,'15x20 см',518,770.00,8,4657),(9785666310024,'Загадки магических рун','В этой книге рассказывается история о поиске приключений и смысла жизни в мире полном загадок.',2,7050,66631,5,'13x23 см',577,730.00,5,5565),(9785666310158,'Волшебные тайны','Эта книга приглашает вас в мир фантастических приключений и загадок, которые нужно решить.',8,0,66631,1,'11x20 см',537,740.00,28,3729),(9785666310273,'Магическая академия','В этой книге герои преодолевают преграды и находят смысл в самых невероятных обстоятельствах.',12,7310,66631,4,'13x23 см',680,560.00,20,3620),(9785666310295,'Забытый остров','Очаровательные рассказы о любви и страсти заставят ваше сердце биться сильнее.',3,1260,66631,6,'13x22 см',843,520.00,13,4584),(9785666310567,'Детективные истории','Странички этой книги скрывают ответы на главные вопросы жизни и размышления о смысле бытия.',1,0,16201,6,'11x20 см',654,520.00,32,1708),(9785666310643,'Путешествие в параллельные миры','Здесь вы найдете истории о доблести и отваге, которые вдохновят вас на подвиги и саморазвитие.',7,2460,89913,5,'11x22 см',573,780.00,18,660),(9785666311355,'Тайная жизнь драконов','Странички этой книги скрывают в себе секреты давно ушедших эпох и загадочные обряды.',7,3990,64985,5,'13x22 см',530,520.00,35,4639),(9785666311386,'Искусство древних магов','Очаровательные рассказы о приключениях и дружбе подарят вам множество положительных эмоций.',6,2500,26698,4,'11x23 см',701,750.00,4,5989),(9785899130013,'Волшебный лес','Эта книга - захватывающее путешествие в мир фантастики, где герои сталкиваются с неизвестными опасностями.',1,5730,89913,4,'11x19 см',621,720.00,30,3679),(9785899130142,'Приключения в магической школе','Здесь вы найдете вдохновляющие истории о смелых женщинах, которые меняли мир.',14,7420,89913,2,'14x20 см',888,890.00,2,5036),(9785899130608,'Поиск сокровищ','В этой книге каждый персонаж стремится к переменам и ищет свое место в жизни.',3,6370,26207,1,'13x19 см',764,850.00,25,241),(9785899130955,'Лабиринты и головоломки','Странички этой книги скрывают жизненные уроки и мудрость, которые можно применить в повседневной жизни.',6,6890,12895,1,'11x23 см',589,710.00,47,2633),(9785899131215,'Лабиринты времени','В этой книге вы погрузитесь в атмосферу мистики и таинственных происшествий, которые требуют разгадки.',14,7340,41978,2,'16x23 см',725,720.00,19,4457),(9785899131294,'Тайны забытых технологий','Очаровательные рассказы о дружбе и преданности оставят тепло в вашем сердце.',14,1620,12890,4,'13x24 см',741,640.00,38,0);
/*!40000 ALTER TABLE `books` ENABLE KEYS */;
UNLOCK TABLES;

--
-- Table structure for table `bookseries`
--

DROP TABLE IF EXISTS `bookseries`;
/*!40101 SET @saved_cs_client     = @@character_set_client */;
/*!50503 SET character_set_client = utf8mb4 */;
CREATE TABLE `bookseries` (
  `SerieId` int NOT NULL AUTO_INCREMENT,
  `SerieTitle` varchar(350) NOT NULL,
  `SerieDescription` varchar(3000) NOT NULL,
  PRIMARY KEY (`SerieId`)
) ENGINE=InnoDB AUTO_INCREMENT=29 DEFAULT CHARSET=utf8mb4 COLLATE=utf8mb4_0900_ai_ci;
/*!40101 SET character_set_client = @saved_cs_client */;

--
-- Dumping data for table `bookseries`
--

LOCK TABLES `bookseries` WRITE;
/*!40000 ALTER TABLE `bookseries` DISABLE KEYS */;
INSERT INTO `bookseries` VALUES (1,'Сага королевства Эльдор','В этой серии книг читатели погружаются в мир фантазии и волшебства, следя за судьбой королевства Эльдор и его героев, которые сталкиваются с великими испытаниями и опасностями.'),(2,'Приключения драконовых всадников','Драконы и всадники, дружба и предательство, сражения и приключения - все это в серии книг о мире, где драконы и люди объединяются в невероятных приключениях.'),(3,'Космическая Одиссея','Эта серия книг отправляет читателей в космические приключения, где они исследуют далекие галактики, встречают инопланетных существ и решают загадки вселенной.'),(4,'Тайны Забытых Храмов','Герои этой серии книг отправляются на поиски забытых храмов, скрытых в дебрях джунглей и под землей, раскрывая древние загадки и сокровища.'),(5,'Магия и Перемены','В этой серии книг герои обретают магические способности и сталкиваются с выборами, которые изменят ход их судьбы и мира вокруг них.'),(6,'По следам истории','Герои этой серии книг путешествуют во времени и следуют по следам исторических событий, раскрывая тайны прошлого и воздействуя на будущее.'),(7,'Приключения молодых археологов','Молодые археологи отправляются на раскопки и исследования древних цивилизаций, где они находят потерянные артефакты и раскрывают истории давно забытых времен.'),(8,'Магия драконьего ордена','Герои этой серии книг становятся членами драконьего ордена, защищая мир от злых сил и обучаясь магии драконов.'),(9,'Путешествия в параллельные миры','В этой серии книг герои путешествуют между параллельными мирами, где они встречают разные версии самих себя и сталкиваются с альтернативными событиями.'),(10,'Таинственный остров','Главные герои этой серии книг оказываются на таинственном острове, где они исследуют его загадки, борются за выживание и ищут путь домой.'),(11,'Волшебные артефакты','Герои этой серии книг отправляются в поиски могущественных волшебных артефактов, способных изменить мир, но их путь полон опасностей и загадок.'),(12,'Приключения под палубой','Молодой капитан и её команда отправляются в путешествие по морям и океанам, исследуя неизведанные острова и сталкиваясь с морскими тайнами.'),(13,'Секреты античных городов','Археологи и исследователи раскрывают секреты античных городов, восстанавливая историю давних цивилизаций.'),(14,'Загадки магической школы','Ученики магической школы исследуют её тайны и сталкиваются с загадочными событиями, которые происходят в её стенах.'),(15,'Сага королевства Эльдор','В этой серии книг читатели погружаются в мир фантазии и волшебства, следя за судьбой королевства Эльдор и его героев, которые сталкиваются с великими испытаниями и опасностями.'),(16,'Приключения драконовых всадников','Драконы и всадники, дружба и предательство, сражения и приключения - все это в серии книг о мире, где драконы и люди объединяются в невероятных приключениях.'),(17,'Космическая Одиссея','Эта серия книг отправляет читателей в космические приключения, где они исследуют далекие галактики, встречают инопланетных существ и решают загадки вселенной.'),(18,'Тайны Забытых Храмов','Герои этой серии книг отправляются на поиски забытых храмов, скрытых в дебрях джунглей и под землей, раскрывая древние загадки и сокровища.'),(19,'Магия и Перемены','В этой серии книг герои обретают магические способности и сталкиваются с выборами, которые изменят ход их судьбы и мира вокруг них.'),(20,'По следам истории','Герои этой серии книг путешествуют во времени и следуют по следам исторических событий, раскрывая тайны прошлого и воздействуя на будущее.'),(21,'Приключения молодых археологов','Молодые археологи отправляются на раскопки и исследования древних цивилизаций, где они находят потерянные артефакты и раскрывают истории давно забытых времен.'),(22,'Магия драконьего ордена','Герои этой серии книг становятся членами драконьего ордена, защищая мир от злых сил и обучаясь магии драконов.'),(23,'Путешествия в параллельные миры','В этой серии книг герои путешествуют между параллельными мирами, где они встречают разные версии самих себя и сталкиваются с альтернативными событиями.'),(24,'Таинственный остров','Главные герои этой серии книг оказываются на таинственном острове, где они исследуют его загадки, борются за выживание и ищут путь домой.'),(25,'Волшебные артефакты','Герои этой серии книг отправляются в поиски могущественных волшебных артефактов, способных изменить мир, но их путь полон опасностей и загадок.'),(26,'Приключения под палубой','Молодой капитан и её команда отправляются в путешествие по морям и океанам, исследуя неизведанные острова и сталкиваясь с морскими тайнами.'),(27,'Секреты античных городов','Археологи и исследователи раскрывают секреты античных городов, восстанавливая историю давних цивилизаций.'),(28,'Загадки магической школы','Ученики магической школы исследуют её тайны и сталкиваются с загадочными событиями, которые происходят в её стенах.');
/*!40000 ALTER TABLE `bookseries` ENABLE KEYS */;
UNLOCK TABLES;

--
-- Table structure for table `orderproducts`
--

DROP TABLE IF EXISTS `orderproducts`;
/*!40101 SET @saved_cs_client     = @@character_set_client */;
/*!50503 SET character_set_client = utf8mb4 */;
CREATE TABLE `orderproducts` (
  `OrderId` int NOT NULL,
  `OrderBookISBN` bigint NOT NULL,
  `OrderBookCount` int NOT NULL,
  KEY `OrderId` (`OrderId`),
  KEY `OrderBookISBN_idx` (`OrderBookISBN`),
  CONSTRAINT `OrderBookISBN` FOREIGN KEY (`OrderBookISBN`) REFERENCES `books` (`BookISBN`),
  CONSTRAINT `OrderId` FOREIGN KEY (`OrderId`) REFERENCES `orders` (`OrderId`)
) ENGINE=InnoDB DEFAULT CHARSET=utf8mb4 COLLATE=utf8mb4_0900_ai_ci;
/*!40101 SET character_set_client = @saved_cs_client */;

--
-- Dumping data for table `orderproducts`
--

LOCK TABLES `orderproducts` WRITE;
/*!40000 ALTER TABLE `orderproducts` DISABLE KEYS */;
INSERT INTO `orderproducts` VALUES (1,9785899130013,1),(1,9785666310024,2),(2,9785649850036,2),(3,9785109660044,3),(3,9785190400057,1),(3,9785162010068,1),(4,9785122400078,1),(5,9785122400084,1),(5,9785266980092,1),(6,9785128950104,2),(6,9785431210113,1),(7,9785190400127,3),(7,9785649850132,2),(7,9785899130142,1),(8,9785666310158,2),(8,9785649850160,1),(9,9785109660175,1),(10,9785190400187,2),(10,9785431210195,1),(10,9785122400209,2),(11,9785266980212,2),(11,9785266980224,2),(12,9785266980224,2),(12,9785649850132,1);
/*!40000 ALTER TABLE `orderproducts` ENABLE KEYS */;
UNLOCK TABLES;

--
-- Table structure for table `orders`
--

DROP TABLE IF EXISTS `orders`;
/*!40101 SET @saved_cs_client     = @@character_set_client */;
/*!50503 SET character_set_client = utf8mb4 */;
CREATE TABLE `orders` (
  `OrderId` int NOT NULL,
  `OrderIdShop` int NOT NULL,
  `OrderIdCustomer` int NOT NULL,
  `OrderCountProduct` int NOT NULL,
  `OrderIdStatus` int NOT NULL,
  `OrderDate` date NOT NULL,
  PRIMARY KEY (`OrderId`),
  KEY `OrderIdShop` (`OrderIdShop`),
  KEY `OrderIdCustomer` (`OrderIdCustomer`),
  KEY `OrderIdStatus` (`OrderIdStatus`),
  CONSTRAINT `OrderIdCustomer` FOREIGN KEY (`OrderIdCustomer`) REFERENCES `users` (`UserId`),
  CONSTRAINT `OrderIdShop` FOREIGN KEY (`OrderIdShop`) REFERENCES `shops` (`ShopId`),
  CONSTRAINT `OrderIdStatus` FOREIGN KEY (`OrderIdStatus`) REFERENCES `statuses` (`StatusId`)
) ENGINE=InnoDB DEFAULT CHARSET=utf8mb4 COLLATE=utf8mb4_0900_ai_ci;
/*!40101 SET character_set_client = @saved_cs_client */;

--
-- Dumping data for table `orders`
--

LOCK TABLES `orders` WRITE;
/*!40000 ALTER TABLE `orders` DISABLE KEYS */;
INSERT INTO `orders` VALUES (1,24,53,3,5,'2023-10-04'),(2,18,54,2,5,'2023-10-05'),(3,13,55,5,5,'2023-10-05'),(4,18,53,1,1,'2023-10-06'),(5,17,52,2,4,'2023-10-07'),(6,12,56,3,5,'2023-10-08'),(7,3,60,6,1,'2023-10-04'),(8,42,62,3,5,'2023-10-01'),(9,24,54,1,4,'2023-10-07'),(10,5,60,5,4,'2023-10-06'),(11,19,60,4,5,'2023-10-11'),(12,29,64,3,2,'2023-10-03');
/*!40000 ALTER TABLE `orders` ENABLE KEYS */;
UNLOCK TABLES;

--
-- Table structure for table `reports`
--

DROP TABLE IF EXISTS `reports`;
/*!40101 SET @saved_cs_client     = @@character_set_client */;
/*!50503 SET character_set_client = utf8mb4 */;
CREATE TABLE `reports` (
  `ReportId` int NOT NULL AUTO_INCREMENT,
  `ReportIdShop` int NOT NULL,
  `ReportFile` blob NOT NULL,
  `ReportDate` datetime NOT NULL,
  PRIMARY KEY (`ReportId`),
  KEY `ReportIdShop` (`ReportIdShop`),
  CONSTRAINT `ReportIdShop` FOREIGN KEY (`ReportIdShop`) REFERENCES `shops` (`ShopId`)
) ENGINE=InnoDB DEFAULT CHARSET=utf8mb4 COLLATE=utf8mb4_0900_ai_ci;
/*!40101 SET character_set_client = @saved_cs_client */;

--
-- Dumping data for table `reports`
--

LOCK TABLES `reports` WRITE;
/*!40000 ALTER TABLE `reports` DISABLE KEYS */;
/*!40000 ALTER TABLE `reports` ENABLE KEYS */;
UNLOCK TABLES;

--
-- Table structure for table `roles`
--

DROP TABLE IF EXISTS `roles`;
/*!40101 SET @saved_cs_client     = @@character_set_client */;
/*!50503 SET character_set_client = utf8mb4 */;
CREATE TABLE `roles` (
  `RoleId` int NOT NULL AUTO_INCREMENT,
  `RoleTitle` varchar(100) NOT NULL,
  PRIMARY KEY (`RoleId`)
) ENGINE=InnoDB AUTO_INCREMENT=5 DEFAULT CHARSET=utf8mb4 COLLATE=utf8mb4_0900_ai_ci;
/*!40101 SET character_set_client = @saved_cs_client */;

--
-- Dumping data for table `roles`
--

LOCK TABLES `roles` WRITE;
/*!40000 ALTER TABLE `roles` DISABLE KEYS */;
INSERT INTO `roles` VALUES (1,'Менеджер'),(2,'Кассир'),(3,'Кладовщик'),(4,'Онлайн-клиент');
/*!40000 ALTER TABLE `roles` ENABLE KEYS */;
UNLOCK TABLES;

--
-- Table structure for table `saleproducts`
--

DROP TABLE IF EXISTS `saleproducts`;
/*!40101 SET @saved_cs_client     = @@character_set_client */;
/*!50503 SET character_set_client = utf8mb4 */;
CREATE TABLE `saleproducts` (
  `SaleId` int NOT NULL,
  `SaleBookISBN` bigint NOT NULL,
  `SaleBookCount` int NOT NULL,
  KEY `SaleId` (`SaleId`),
  KEY `SaleBookISBN_idx` (`SaleBookISBN`),
  CONSTRAINT `SaleBookISBN` FOREIGN KEY (`SaleBookISBN`) REFERENCES `books` (`BookISBN`),
  CONSTRAINT `SaleId` FOREIGN KEY (`SaleId`) REFERENCES `sales` (`SaleId`)
) ENGINE=InnoDB DEFAULT CHARSET=utf8mb4 COLLATE=utf8mb4_0900_ai_ci;
/*!40101 SET character_set_client = @saved_cs_client */;

--
-- Dumping data for table `saleproducts`
--

LOCK TABLES `saleproducts` WRITE;
/*!40000 ALTER TABLE `saleproducts` DISABLE KEYS */;
INSERT INTO `saleproducts` VALUES (1,9785899130013,2),(2,9785666310024,2),(2,9785649850036,1),(3,9785109660044,1),(4,9785190400057,1),(4,9785162010068,1),(4,9785122400078,1),(5,9785122400084,1),(6,9785266980092,2),(7,9785128950104,1),(7,9785431210113,1),(8,9785190400127,1),(9,9785649850132,1),(9,9785899130142,2),(10,9785666310158,1),(11,9785649850160,1),(11,9785109660175,1),(12,9785190400187,1),(13,9785431210195,1),(14,9785122400209,1),(15,9785266980212,1);
/*!40000 ALTER TABLE `saleproducts` ENABLE KEYS */;
UNLOCK TABLES;

--
-- Table structure for table `sales`
--

DROP TABLE IF EXISTS `sales`;
/*!40101 SET @saved_cs_client     = @@character_set_client */;
/*!50503 SET character_set_client = utf8mb4 */;
CREATE TABLE `sales` (
  `SaleId` int NOT NULL AUTO_INCREMENT,
  `SaleIdShop` int NOT NULL,
  `SaleIdUser` int NOT NULL,
  `SaleCountProduct` int NOT NULL,
  `SaleDate` datetime NOT NULL,
  PRIMARY KEY (`SaleId`),
  KEY `SaleIdShop` (`SaleIdShop`),
  KEY `SaleIdUser` (`SaleIdUser`),
  CONSTRAINT `SaleIdShop` FOREIGN KEY (`SaleIdShop`) REFERENCES `shops` (`ShopId`),
  CONSTRAINT `SaleIdUser` FOREIGN KEY (`SaleIdUser`) REFERENCES `users` (`UserId`)
) ENGINE=InnoDB AUTO_INCREMENT=16 DEFAULT CHARSET=utf8mb4 COLLATE=utf8mb4_0900_ai_ci;
/*!40101 SET character_set_client = @saved_cs_client */;

--
-- Dumping data for table `sales`
--

LOCK TABLES `sales` WRITE;
/*!40000 ALTER TABLE `sales` DISABLE KEYS */;
INSERT INTO `sales` VALUES (1,5,54,2,'2023-10-07 00:00:00'),(2,9,53,3,'2023-10-07 00:00:00'),(3,15,65,1,'2023-10-02 00:00:00'),(4,7,57,3,'2023-10-05 00:00:00'),(5,5,61,1,'2023-10-08 00:00:00'),(6,32,62,2,'2023-10-12 00:00:00'),(7,40,65,2,'2023-10-11 00:00:00'),(8,26,54,1,'2023-10-03 00:00:00'),(9,5,58,3,'2023-10-04 00:00:00'),(10,13,64,1,'2023-10-03 00:00:00'),(11,43,62,2,'2023-10-02 00:00:00'),(12,35,54,1,'2023-10-06 00:00:00'),(13,27,63,1,'2023-10-11 00:00:00'),(14,46,59,1,'2023-10-02 00:00:00'),(15,49,62,1,'2023-10-03 00:00:00');
/*!40000 ALTER TABLE `sales` ENABLE KEYS */;
UNLOCK TABLES;

--
-- Table structure for table `shops`
--

DROP TABLE IF EXISTS `shops`;
/*!40101 SET @saved_cs_client     = @@character_set_client */;
/*!50503 SET character_set_client = utf8mb4 */;
CREATE TABLE `shops` (
  `ShopId` int NOT NULL AUTO_INCREMENT,
  `ShopIndex` int NOT NULL,
  `ShopCity` varchar(100) NOT NULL,
  `ShopStreet` varchar(100) NOT NULL,
  `ShopRegeon` varchar(100) NOT NULL,
  PRIMARY KEY (`ShopId`)
) ENGINE=InnoDB AUTO_INCREMENT=51 DEFAULT CHARSET=utf8mb4 COLLATE=utf8mb4_0900_ai_ci;
/*!40101 SET character_set_client = @saved_cs_client */;

--
-- Dumping data for table `shops`
--

LOCK TABLES `shops` WRITE;
/*!40000 ALTER TABLE `shops` DISABLE KEYS */;
INSERT INTO `shops` VALUES (1,101001,'Москва','ул. Профсоюзная, 10','Центр'),(2,101002,'Москва','ул. Тверская, 15','Центр'),(3,101003,'Москва','пр-т Ленинский, 7','Центр'),(4,101004,'Москва','ул. Арбатская, 3','Центр'),(5,101005,'Москва','пр-т Кутузовский, 1','Запад'),(6,101006,'Москва','ул. Новый Арбат, 5','Центр'),(7,101007,'Москва','ул. Таганская, 20','Восток'),(8,101008,'Москва','наб. Пресненская, 8','Центр'),(9,101009,'Москва','Садовое Кольцо, 15','Центр'),(10,101010,'Москва','ул. Покровка, 17','Восток'),(11,101011,'Санкт-Петербург','пр-т Невский, 25','Север'),(12,101012,'Санкт-Петербург','пр-т Московский, 12','Север'),(13,101013,'Санкт-Петербург','пр-т Лиговский, 7','Север'),(14,101014,'Санкт-Петербург','пр-т Невский, 50','Север'),(15,101015,'Екатеринбург','ул. Ленина, 30','Урал'),(16,101016,'Екатеринбург',' ул. Красноармейская, 5','Урал'),(17,101017,'Екатеринбург','ул. Гоголя, 12','Урал'),(18,101018,'Новосибирск','пр-т Ленина, 22','Сибирь'),(19,101019,'Новосибирск','ул. Кирова, 18','Сибирь'),(20,101020,'Новосибирск','ул. Гагарина, 3','Сибирь'),(21,101021,'Казань','ул. Баумана, 8','Поволжье'),(22,101022,'Казань','ул. Петербургская, 15','Поволжье'),(23,101023,'Казань','ул. Габдуллы Тукая, 3','Поволжье'),(24,101024,'Краснодар','ул. Красная, 20','Юг'),(25,101025,'Краснодар','ул. Ставропольская, 12','Юг'),(26,101026,'Краснодар','ул. Горького, 5','Юг'),(27,101027,'Нижний Новгород','ул. Горького, 10','Волга'),(28,101028,'Нижний Новгород','пр-т Ленина, 35','Волга'),(29,101029,'Нижний Новгород','ул. Горького, 8','Волга'),(30,101030,'Екатеринбург','ул. Малышева, 28','Урал'),(31,101031,'Екатеринбург','ул. 8 Марта, 6','Урал'),(32,101032,'Екатеринбург','ул. Кирова, 45','Урал'),(33,101033,'Самара','ул. Куйбышева, 20','Поволжье'),(34,101034,'Самара','ул. Ленинская, 15','Поволжье'),(35,101035,'Самара','Московское шоссе, 7','Поволжье'),(36,101036,'Ростов-на-Дону','пр-т Будённовский, 10','Юг'),(37,101037,'Ростов-на-Дону','ул. Горького, 25','Юг'),(38,101038,'Ростов-на-Дону','ул. Стачки, 5','Юг'),(39,101039,'Владивосток','ул. Светланская, 30','Дальний Восток'),(40,101040,'Владивосток','пр-т Океанский, 8','Дальний Восток'),(41,101041,'Уфа','пр-т Ленина, 5','Урал'),(42,101042,'Уфа','ул. Карла Маркса, 10','Урал'),(43,101043,'Уфа','ул. Менделеева, 15','Урал'),(44,101044,'Красноярск','пр-т Ленина, 30','Сибирь'),(45,101045,'Красноярск','ул. Мира, 12','Сибирь'),(46,101046,'Красноярск','пр-т Гагарина, 8','Сибирь'),(47,101047,'Воронеж','пр-т Революции, 5','Центр'),(48,101048,'Воронеж','ул. Пушкина, 18','Центр'),(49,101049,'Воронеж','пр-т Московский, 3','Центр'),(50,101050,'Тюмень','ул. Ленина, 25','Урал');
/*!40000 ALTER TABLE `shops` ENABLE KEYS */;
UNLOCK TABLES;

--
-- Table structure for table `statuses`
--

DROP TABLE IF EXISTS `statuses`;
/*!40101 SET @saved_cs_client     = @@character_set_client */;
/*!50503 SET character_set_client = utf8mb4 */;
CREATE TABLE `statuses` (
  `StatusId` int NOT NULL AUTO_INCREMENT,
  `StatusTitle` varchar(100) NOT NULL,
  PRIMARY KEY (`StatusId`)
) ENGINE=InnoDB AUTO_INCREMENT=7 DEFAULT CHARSET=utf8mb4 COLLATE=utf8mb4_0900_ai_ci;
/*!40101 SET character_set_client = @saved_cs_client */;

--
-- Dumping data for table `statuses`
--

LOCK TABLES `statuses` WRITE;
/*!40000 ALTER TABLE `statuses` DISABLE KEYS */;
INSERT INTO `statuses` VALUES (1,'StatusTitle'),(2,'В обработке'),(3,'В пути'),(4,'Приёмка'),(5,'Поступил'),(6,'Готов к выдаче');
/*!40000 ALTER TABLE `statuses` ENABLE KEYS */;
UNLOCK TABLES;

--
-- Table structure for table `storedproducts`
--

DROP TABLE IF EXISTS `storedproducts`;
/*!40101 SET @saved_cs_client     = @@character_set_client */;
/*!50503 SET character_set_client = utf8mb4 */;
CREATE TABLE `storedproducts` (
  `StoredProductId` int NOT NULL AUTO_INCREMENT,
  `StoredProductISBN` bigint NOT NULL,
  `StoredProductIdShop` int NOT NULL,
  `StoredProductCount` int NOT NULL,
  `StoredProductIdStatus` int NOT NULL,
  `StoredProductDateChange` datetime NOT NULL,
  PRIMARY KEY (`StoredProductId`),
  KEY `StoredProductIdShop` (`StoredProductIdShop`),
  KEY `StoredProductISBN_idx` (`StoredProductISBN`),
  KEY `StoredProductIdStatus` (`StoredProductIdStatus`),
  CONSTRAINT `StoredProductIdShop` FOREIGN KEY (`StoredProductIdShop`) REFERENCES `shops` (`ShopId`),
  CONSTRAINT `StoredProductIdStatus` FOREIGN KEY (`StoredProductIdStatus`) REFERENCES `storedproductstatuses` (`StoredProductStatusId`),
  CONSTRAINT `StoredProductISBN` FOREIGN KEY (`StoredProductISBN`) REFERENCES `books` (`BookISBN`)
) ENGINE=InnoDB AUTO_INCREMENT=731 DEFAULT CHARSET=utf8mb4 COLLATE=utf8mb4_0900_ai_ci;
/*!40101 SET character_set_client = @saved_cs_client */;

--
-- Dumping data for table `storedproducts`
--

LOCK TABLES `storedproducts` WRITE;
/*!40000 ALTER TABLE `storedproducts` DISABLE KEYS */;
INSERT INTO `storedproducts` VALUES (1,9785899130013,1,48,1,'2023-02-01 00:00:00'),(2,9785666310024,1,16,1,'2023-04-03 00:00:00'),(3,9785649850036,1,28,1,'2023-06-08 00:00:00'),(4,9785109660044,1,9,1,'2023-03-11 00:00:00'),(5,9785190400057,1,16,1,'2023-05-10 00:00:00'),(6,9785162010068,1,32,1,'2023-08-11 00:00:00'),(7,9785122400078,1,10,1,'2023-06-12 00:00:00'),(8,9785122400084,1,7,1,'2023-11-10 00:00:00'),(9,9785266980092,1,33,1,'2023-03-09 00:00:00'),(10,9785128950104,1,11,1,'2023-05-03 00:00:00'),(11,9785431210113,1,32,1,'2023-07-06 00:00:00'),(12,9785190400127,1,6,1,'2023-11-01 00:00:00'),(13,9785649850132,1,49,1,'2023-08-03 00:00:00'),(14,9785899130142,1,13,1,'2023-04-10 00:00:00'),(15,9785666310158,1,40,1,'2023-08-12 00:00:00'),(16,9785649850160,1,1,1,'2023-03-07 00:00:00'),(17,9785109660175,1,11,1,'2023-10-02 00:00:00'),(18,9785190400187,1,26,1,'2023-02-11 00:00:00'),(19,9785431210195,1,48,1,'2023-10-06 00:00:00'),(20,9785122400209,1,26,1,'2023-09-10 00:00:00'),(21,9785266980212,1,45,1,'2023-03-07 00:00:00'),(22,9785266980224,1,11,1,'2023-09-02 00:00:00'),(23,9785190400239,1,21,1,'2023-09-03 00:00:00'),(24,9785431210240,1,43,1,'2023-08-01 00:00:00'),(25,9785649850257,1,9,1,'2023-07-01 00:00:00'),(26,9785266980269,1,39,1,'2023-02-07 00:00:00'),(27,9785666310273,1,46,1,'2023-09-09 00:00:00'),(28,9785262070289,1,46,1,'2023-04-04 00:00:00'),(29,9785666310295,1,24,1,'2023-07-10 00:00:00'),(30,9785207200303,1,15,1,'2023-11-11 00:00:00'),(31,9785431210316,1,22,1,'2023-07-10 00:00:00'),(32,9785649850324,1,9,1,'2023-11-05 00:00:00'),(33,9785162010331,1,20,1,'2023-07-01 00:00:00'),(34,9785262070349,1,4,1,'2023-08-05 00:00:00'),(35,9785162010356,1,34,1,'2023-10-10 00:00:00'),(36,9785207200366,1,9,1,'2023-03-07 00:00:00'),(37,9785355410375,1,11,1,'2023-11-11 00:00:00'),(38,9785419780384,1,45,1,'2023-06-05 00:00:00'),(39,9785266980393,1,7,1,'2023-07-11 00:00:00'),(40,9785355410404,1,21,1,'2023-10-04 00:00:00'),(41,9785419780419,1,50,1,'2023-03-01 00:00:00'),(42,9785165800426,1,4,1,'2023-08-04 00:00:00'),(43,9785128900436,1,19,1,'2023-04-06 00:00:00'),(44,9785190400447,1,25,1,'2023-02-03 00:00:00'),(45,9785419780453,1,5,1,'2023-04-01 00:00:00'),(46,9785513530464,1,47,1,'2023-11-05 00:00:00'),(47,9785262070476,1,36,1,'2023-08-01 00:00:00'),(48,9785162010485,1,7,1,'2023-02-02 00:00:00'),(49,9785419780498,1,11,1,'2023-11-07 00:00:00'),(50,9785207200509,1,24,1,'2023-11-11 00:00:00'),(51,9785649850515,1,12,1,'2023-07-08 00:00:00'),(52,9785162010527,1,5,1,'2023-04-09 00:00:00'),(53,9785262070534,1,19,1,'2023-01-09 00:00:00'),(54,9785419780547,1,27,1,'2023-09-05 00:00:00'),(55,9785128900553,1,34,1,'2023-02-03 00:00:00'),(56,9785666310567,1,47,1,'2023-08-03 00:00:00'),(57,9785109660579,1,36,1,'2023-10-07 00:00:00'),(58,9785207200581,1,10,1,'2023-09-04 00:00:00'),(59,9785262070590,1,23,1,'2023-09-04 00:00:00'),(60,9785899130608,1,6,1,'2023-06-04 00:00:00'),(61,9785262070611,1,39,1,'2023-11-02 00:00:00'),(62,9785513530625,1,27,1,'2023-01-06 00:00:00'),(63,9785431210630,1,17,1,'2023-11-12 00:00:00'),(64,9785666310643,1,4,1,'2023-06-07 00:00:00'),(65,9785355410650,1,2,1,'2023-07-04 00:00:00'),(66,9785109660664,1,40,1,'2023-10-10 00:00:00'),(67,9785419780674,1,29,1,'2023-02-05 00:00:00'),(68,9785207200680,1,17,1,'2023-07-10 00:00:00'),(69,9785109660694,1,25,1,'2023-02-07 00:00:00'),(70,9785109660702,1,22,1,'2023-06-05 00:00:00'),(71,9785419780719,1,9,1,'2023-08-12 00:00:00'),(72,9785207200726,1,4,1,'2023-05-01 00:00:00'),(73,9785109660733,1,6,1,'2023-05-01 00:00:00'),(74,9785355410748,1,39,1,'2023-04-04 00:00:00'),(75,9785122400753,1,13,1,'2023-02-01 00:00:00'),(76,9785355410763,1,47,1,'2023-03-05 00:00:00'),(77,9785431210775,1,13,1,'2023-09-10 00:00:00'),(78,9785122400787,1,48,1,'2023-10-11 00:00:00'),(79,9785207200799,1,42,1,'2023-09-03 00:00:00'),(80,9785162010802,1,43,1,'2023-04-04 00:00:00'),(81,9785207200817,1,49,1,'2023-03-10 00:00:00'),(82,9785162010827,1,12,1,'2023-09-09 00:00:00'),(83,9785431210830,1,25,1,'2023-05-09 00:00:00'),(84,9785162010840,1,13,1,'2023-01-04 00:00:00'),(85,9785419780853,1,21,1,'2023-03-03 00:00:00'),(86,9785122400867,1,21,1,'2023-06-12 00:00:00'),(87,9785162010872,1,47,1,'2023-01-01 00:00:00'),(88,9785162010881,1,25,1,'2023-03-05 00:00:00'),(89,9785355410893,1,30,1,'2023-05-08 00:00:00'),(90,9785262070903,1,33,1,'2023-02-10 00:00:00'),(91,9785207200911,1,13,1,'2023-08-04 00:00:00'),(92,9785266980922,1,9,1,'2023-09-03 00:00:00'),(93,9785162010930,1,15,1,'2023-10-02 00:00:00'),(94,9785513530947,1,29,1,'2023-09-05 00:00:00'),(95,9785899130955,1,48,1,'2023-10-02 00:00:00'),(96,9785162010964,1,15,1,'2023-09-04 00:00:00'),(97,9785207200978,1,33,1,'2023-10-04 00:00:00'),(98,9785109660987,1,30,1,'2023-01-01 00:00:00'),(99,9785109660990,1,13,1,'2023-01-11 00:00:00'),(100,9785649851003,1,41,1,'2023-10-07 00:00:00'),(101,9785649851014,1,7,1,'2023-11-11 00:00:00'),(102,9785190401025,1,6,1,'2023-08-11 00:00:00'),(103,9785128901031,1,39,1,'2023-05-01 00:00:00'),(104,9785419781047,1,31,1,'2023-04-01 00:00:00'),(105,9785190401053,1,18,1,'2023-03-06 00:00:00'),(106,9785162011062,1,24,1,'2023-10-04 00:00:00'),(107,9785190401073,1,13,1,'2023-04-05 00:00:00'),(108,9785513531081,1,5,1,'2023-02-10 00:00:00'),(109,9785109661099,1,12,1,'2023-07-09 00:00:00'),(110,9785207201105,1,9,1,'2023-01-04 00:00:00'),(111,9785513531113,1,23,1,'2023-06-02 00:00:00'),(112,9785133951122,1,20,1,'2023-08-05 00:00:00'),(113,9785128901133,1,13,1,'2023-11-07 00:00:00'),(114,9785649851144,1,44,1,'2023-10-10 00:00:00'),(115,9785431211150,1,2,1,'2023-07-04 00:00:00'),(116,9785513531165,1,29,1,'2023-05-08 00:00:00'),(117,9785419781172,1,46,1,'2023-04-11 00:00:00'),(118,9785162011185,1,24,1,'2023-05-11 00:00:00'),(119,9785649851191,1,4,1,'2023-02-10 00:00:00'),(120,9785649851207,1,3,1,'2023-11-08 00:00:00'),(121,9785899131215,1,38,1,'2023-07-03 00:00:00'),(122,9785262071222,1,5,1,'2023-02-08 00:00:00'),(123,9785165801234,1,40,1,'2023-05-03 00:00:00'),(124,9785162011240,1,39,1,'2023-06-03 00:00:00'),(125,9785419781256,1,36,1,'2023-10-09 00:00:00'),(126,9785419781269,1,41,1,'2023-07-07 00:00:00'),(127,9785355411272,1,27,1,'2023-07-08 00:00:00'),(128,9785128901282,1,40,1,'2023-01-05 00:00:00'),(129,9785899131294,1,10,1,'2023-03-02 00:00:00'),(130,9785513531303,1,4,1,'2023-09-08 00:00:00'),(131,9785207201316,1,29,1,'2023-05-03 00:00:00'),(132,9785109661323,1,4,1,'2023-05-08 00:00:00'),(133,9785165801339,1,11,1,'2023-03-05 00:00:00'),(134,9785190401348,1,28,1,'2023-09-12 00:00:00'),(135,9785666311355,1,24,1,'2023-03-02 00:00:00'),(136,9785513531366,1,47,1,'2023-03-12 00:00:00'),(137,9785128901375,1,33,1,'2023-11-05 00:00:00'),(138,9785666311386,1,41,1,'2023-04-05 00:00:00'),(139,9785133951399,1,42,1,'2023-10-06 00:00:00'),(140,9785122401403,1,21,1,'2023-01-08 00:00:00'),(141,9785190401415,1,34,1,'2023-10-03 00:00:00'),(142,9785165801427,1,11,1,'2023-02-07 00:00:00'),(143,9785162011436,1,31,1,'2023-06-06 00:00:00'),(144,9785207201444,1,27,1,'2023-06-03 00:00:00'),(145,9785122401453,1,25,1,'2023-09-08 00:00:00'),(146,9785431211467,1,30,1,'2023-03-07 00:00:00'),(147,9785899130013,2,14,1,'2023-03-01 00:00:00'),(148,9785666310024,2,9,1,'2023-10-12 00:00:00'),(149,9785649850036,2,39,1,'2023-01-07 00:00:00'),(150,9785109660044,2,50,1,'2023-10-12 00:00:00'),(151,9785190400057,2,12,1,'2023-08-11 00:00:00'),(152,9785162010068,2,22,1,'2023-04-06 00:00:00'),(153,9785122400078,2,42,1,'2023-01-01 00:00:00'),(154,9785122400084,2,27,1,'2023-01-06 00:00:00'),(155,9785266980092,2,7,1,'2023-09-03 00:00:00'),(156,9785128950104,2,41,1,'2023-10-05 00:00:00'),(157,9785431210113,2,25,1,'2023-06-07 00:00:00'),(158,9785190400127,2,25,1,'2023-06-11 00:00:00'),(159,9785649850132,2,47,1,'2023-04-03 00:00:00'),(160,9785899130142,2,6,1,'2023-05-02 00:00:00'),(161,9785666310158,2,2,1,'2023-06-12 00:00:00'),(162,9785649850160,2,30,1,'2023-07-05 00:00:00'),(163,9785109660175,2,10,1,'2023-09-08 00:00:00'),(164,9785190400187,2,2,1,'2023-08-08 00:00:00'),(165,9785431210195,2,37,1,'2023-08-05 00:00:00'),(166,9785122400209,2,17,1,'2023-05-04 00:00:00'),(167,9785266980212,2,50,1,'2023-07-08 00:00:00'),(168,9785266980224,2,33,1,'2023-06-04 00:00:00'),(169,9785190400239,2,23,1,'2023-11-10 00:00:00'),(170,9785431210240,2,3,1,'2023-10-03 00:00:00'),(171,9785649850257,2,45,1,'2023-01-04 00:00:00'),(172,9785266980269,2,46,1,'2023-03-06 00:00:00'),(173,9785666310273,2,23,1,'2023-03-03 00:00:00'),(174,9785262070289,2,14,1,'2023-07-04 00:00:00'),(175,9785666310295,2,8,1,'2023-09-01 00:00:00'),(176,9785207200303,2,6,1,'2023-06-10 00:00:00'),(177,9785431210316,2,8,1,'2023-01-07 00:00:00'),(178,9785649850324,2,29,1,'2023-02-03 00:00:00'),(179,9785162010331,2,28,1,'2023-11-04 00:00:00'),(180,9785262070349,2,45,1,'2023-01-05 00:00:00'),(181,9785162010356,2,12,1,'2023-06-02 00:00:00'),(182,9785207200366,2,15,1,'2023-11-04 00:00:00'),(183,9785355410375,2,4,1,'2023-03-01 00:00:00'),(184,9785419780384,2,35,1,'2023-10-08 00:00:00'),(185,9785266980393,2,30,1,'2023-06-03 00:00:00'),(186,9785355410404,2,32,1,'2023-04-02 00:00:00'),(187,9785419780419,2,15,1,'2023-09-07 00:00:00'),(188,9785165800426,2,45,1,'2023-01-07 00:00:00'),(189,9785128900436,2,29,1,'2023-02-06 00:00:00'),(190,9785190400447,2,6,1,'2023-09-11 00:00:00'),(191,9785419780453,2,0,2,'2023-01-01 00:00:00'),(192,9785513530464,2,16,1,'2023-02-04 00:00:00'),(193,9785262070476,2,3,1,'2023-05-07 00:00:00'),(194,9785162010485,2,13,1,'2023-06-08 00:00:00'),(195,9785419780498,2,23,1,'2023-10-06 00:00:00'),(196,9785207200509,2,20,1,'2023-11-02 00:00:00'),(197,9785649850515,2,5,1,'2023-04-08 00:00:00'),(198,9785162010527,2,27,1,'2023-06-12 00:00:00'),(199,9785262070534,2,32,1,'2023-04-10 00:00:00'),(200,9785419780547,2,26,1,'2023-04-10 00:00:00'),(201,9785128900553,2,50,1,'2023-05-07 00:00:00'),(202,9785666310567,2,49,1,'2023-05-11 00:00:00'),(203,9785109660579,2,48,1,'2023-06-05 00:00:00'),(204,9785207200581,2,9,1,'2023-02-08 00:00:00'),(205,9785262070590,2,26,1,'2023-01-05 00:00:00'),(206,9785899130608,2,26,1,'2023-05-01 00:00:00'),(207,9785262070611,2,32,1,'2023-11-12 00:00:00'),(208,9785513530625,2,42,1,'2023-07-10 00:00:00'),(209,9785431210630,2,11,1,'2023-07-10 00:00:00'),(210,9785666310643,2,32,1,'2023-02-09 00:00:00'),(211,9785355410650,2,44,1,'2023-04-04 00:00:00'),(212,9785109660664,2,45,1,'2023-03-06 00:00:00'),(213,9785419780674,2,22,1,'2023-01-06 00:00:00'),(214,9785207200680,2,42,1,'2023-11-10 00:00:00'),(215,9785109660694,2,30,1,'2023-11-03 00:00:00'),(216,9785109660702,2,34,1,'2023-08-12 00:00:00'),(217,9785419780719,2,33,1,'2023-07-12 00:00:00'),(218,9785207200726,2,35,1,'2023-11-10 00:00:00'),(219,9785109660733,2,50,1,'2023-06-12 00:00:00'),(220,9785355410748,2,8,1,'2023-05-09 00:00:00'),(221,9785122400753,2,21,1,'2023-08-08 00:00:00'),(222,9785355410763,2,21,1,'2023-04-08 00:00:00'),(223,9785431210775,2,6,1,'2023-03-12 00:00:00'),(224,9785122400787,2,22,1,'2023-04-08 00:00:00'),(225,9785207200799,2,13,1,'2023-03-12 00:00:00'),(226,9785162010802,2,44,1,'2023-07-09 00:00:00'),(227,9785207200817,2,22,1,'2023-03-11 00:00:00'),(228,9785162010827,2,34,1,'2023-01-12 00:00:00'),(229,9785431210830,2,44,1,'2023-01-05 00:00:00'),(230,9785162010840,2,32,1,'2023-08-01 00:00:00'),(231,9785419780853,2,44,1,'2023-06-05 00:00:00'),(232,9785122400867,2,45,1,'2023-03-05 00:00:00'),(233,9785162010872,2,10,1,'2023-08-04 00:00:00'),(234,9785162010881,2,50,1,'2023-09-01 00:00:00'),(235,9785355410893,2,5,1,'2023-11-09 00:00:00'),(236,9785262070903,2,41,1,'2023-02-04 00:00:00'),(237,9785207200911,2,44,1,'2023-10-07 00:00:00'),(238,9785266980922,2,26,1,'2023-05-08 00:00:00'),(239,9785162010930,2,4,1,'2023-11-05 00:00:00'),(240,9785513530947,2,39,1,'2023-04-09 00:00:00'),(241,9785899130955,2,41,1,'2023-02-02 00:00:00'),(242,9785162010964,2,36,1,'2023-06-03 00:00:00'),(243,9785207200978,2,12,1,'2023-02-01 00:00:00'),(244,9785109660987,2,44,1,'2023-06-10 00:00:00'),(245,9785109660990,2,43,1,'2023-09-08 00:00:00'),(246,9785649851003,2,17,1,'2023-09-08 00:00:00'),(247,9785649851014,2,18,1,'2023-10-04 00:00:00'),(248,9785190401025,2,41,1,'2023-04-12 00:00:00'),(249,9785128901031,2,2,1,'2023-06-11 00:00:00'),(250,9785419781047,2,21,1,'2023-05-04 00:00:00'),(251,9785190401053,2,1,1,'2023-03-07 00:00:00'),(252,9785162011062,2,27,1,'2023-07-01 00:00:00'),(253,9785190401073,2,6,1,'2023-07-04 00:00:00'),(254,9785513531081,2,23,1,'2023-08-12 00:00:00'),(255,9785109661099,2,29,1,'2023-02-02 00:00:00'),(256,9785207201105,2,2,1,'2023-10-01 00:00:00'),(257,9785513531113,2,49,1,'2023-03-08 00:00:00'),(258,9785133951122,2,42,1,'2023-07-09 00:00:00'),(259,9785128901133,2,15,1,'2023-07-08 00:00:00'),(260,9785649851144,2,46,1,'2023-10-10 00:00:00'),(261,9785431211150,2,41,1,'2023-03-04 00:00:00'),(262,9785513531165,2,7,1,'2023-08-03 00:00:00'),(263,9785419781172,2,43,1,'2023-11-11 00:00:00'),(264,9785162011185,2,6,1,'2023-01-06 00:00:00'),(265,9785649851191,2,48,1,'2023-10-02 00:00:00'),(266,9785649851207,2,50,1,'2023-10-12 00:00:00'),(267,9785899131215,2,10,1,'2023-06-02 00:00:00'),(268,9785262071222,2,38,1,'2023-07-09 00:00:00'),(269,9785165801234,2,18,1,'2023-03-03 00:00:00'),(270,9785162011240,2,36,1,'2023-08-01 00:00:00'),(271,9785419781256,2,47,1,'2023-09-05 00:00:00'),(272,9785419781269,2,29,1,'2023-07-02 00:00:00'),(273,9785355411272,2,29,1,'2023-11-07 00:00:00'),(274,9785128901282,2,37,1,'2023-05-07 00:00:00'),(275,9785899131294,2,38,1,'2023-09-12 00:00:00'),(276,9785513531303,2,21,1,'2023-02-05 00:00:00'),(277,9785207201316,2,11,1,'2023-04-08 00:00:00'),(278,9785109661323,2,50,1,'2023-04-11 00:00:00'),(279,9785165801339,2,43,1,'2023-05-09 00:00:00'),(280,9785190401348,2,15,1,'2023-02-03 00:00:00'),(281,9785666311355,2,4,1,'2023-07-02 00:00:00'),(282,9785513531366,2,45,1,'2023-04-03 00:00:00'),(283,9785128901375,2,22,1,'2023-09-09 00:00:00'),(284,9785666311386,2,42,1,'2023-08-03 00:00:00'),(285,9785133951399,2,1,1,'2023-10-06 00:00:00'),(286,9785122401403,2,18,1,'2023-11-06 00:00:00'),(287,9785190401415,2,32,1,'2023-04-08 00:00:00'),(288,9785165801427,2,1,1,'2023-02-02 00:00:00'),(289,9785162011436,2,19,1,'2023-01-08 00:00:00'),(290,9785207201444,2,31,1,'2023-05-01 00:00:00'),(291,9785122401453,2,34,1,'2023-10-11 00:00:00'),(292,9785431211467,2,0,2,'2023-05-11 00:00:00'),(293,9785899130013,3,2,1,'2023-06-04 00:00:00'),(294,9785666310024,3,31,1,'2023-11-02 00:00:00'),(295,9785649850036,3,37,1,'2023-03-10 00:00:00'),(296,9785109660044,3,39,1,'2023-06-07 00:00:00'),(297,9785190400057,3,11,1,'2023-05-10 00:00:00'),(298,9785162010068,3,21,1,'2023-03-01 00:00:00'),(299,9785122400078,3,44,1,'2023-01-11 00:00:00'),(300,9785122400084,3,48,1,'2023-08-12 00:00:00'),(301,9785266980092,3,11,1,'2023-04-09 00:00:00'),(302,9785128950104,3,6,1,'2023-10-05 00:00:00'),(303,9785431210113,3,50,1,'2023-06-06 00:00:00'),(304,9785190400127,3,10,1,'2023-05-08 00:00:00'),(305,9785649850132,3,44,1,'2023-03-09 00:00:00'),(306,9785899130142,3,45,1,'2023-11-10 00:00:00'),(307,9785666310158,3,17,1,'2023-08-03 00:00:00'),(308,9785649850160,3,38,1,'2023-05-09 00:00:00'),(309,9785109660175,3,8,1,'2023-07-05 00:00:00'),(310,9785190400187,3,2,1,'2023-10-02 00:00:00'),(311,9785431210195,3,27,1,'2023-01-12 00:00:00'),(312,9785122400209,3,41,1,'2023-07-02 00:00:00'),(313,9785266980212,3,30,1,'2023-03-07 00:00:00'),(314,9785266980224,3,41,1,'2023-10-07 00:00:00'),(315,9785190400239,3,10,1,'2023-04-09 00:00:00'),(316,9785431210240,3,17,1,'2023-08-03 00:00:00'),(317,9785649850257,3,37,1,'2023-06-07 00:00:00'),(318,9785266980269,3,9,1,'2023-09-10 00:00:00'),(319,9785666310273,3,35,1,'2023-07-01 00:00:00'),(320,9785262070289,3,41,1,'2023-01-08 00:00:00'),(321,9785666310295,3,30,1,'2023-06-12 00:00:00'),(322,9785207200303,3,24,1,'2023-08-06 00:00:00'),(323,9785431210316,3,1,1,'2023-10-08 00:00:00'),(324,9785649850324,3,9,1,'2023-09-05 00:00:00'),(325,9785162010331,3,50,1,'2023-08-03 00:00:00'),(326,9785262070349,3,3,1,'2023-10-06 00:00:00'),(327,9785162010356,3,23,1,'2023-11-09 00:00:00'),(328,9785207200366,3,22,1,'2023-10-12 00:00:00'),(329,9785355410375,3,43,1,'2023-11-12 00:00:00'),(330,9785419780384,3,20,1,'2023-05-08 00:00:00'),(331,9785266980393,3,13,1,'2023-09-05 00:00:00'),(332,9785355410404,3,27,1,'2023-04-12 00:00:00'),(333,9785419780419,3,41,1,'2023-10-05 00:00:00'),(334,9785165800426,3,10,1,'2023-10-07 00:00:00'),(335,9785128900436,3,26,1,'2023-04-01 00:00:00'),(336,9785190400447,3,47,1,'2023-04-02 00:00:00'),(337,9785419780453,3,13,1,'2023-07-01 00:00:00'),(338,9785513530464,3,3,1,'2023-02-11 00:00:00'),(339,9785262070476,3,26,1,'2023-07-11 00:00:00'),(340,9785162010485,3,46,1,'2023-08-08 00:00:00'),(341,9785419780498,3,21,1,'2023-07-07 00:00:00'),(342,9785207200509,3,10,1,'2023-09-05 00:00:00'),(343,9785649850515,3,10,1,'2023-04-06 00:00:00'),(344,9785162010527,3,6,1,'2023-01-04 00:00:00'),(345,9785262070534,3,3,1,'2023-06-11 00:00:00'),(346,9785419780547,3,4,1,'2023-05-12 00:00:00'),(347,9785128900553,3,32,1,'2023-02-09 00:00:00'),(348,9785666310567,3,23,1,'2023-11-01 00:00:00'),(349,9785109660579,3,44,1,'2023-10-05 00:00:00'),(350,9785207200581,3,1,1,'2023-02-06 00:00:00'),(351,9785262070590,3,18,1,'2023-09-09 00:00:00'),(352,9785899130608,3,44,1,'2023-04-09 00:00:00'),(353,9785262070611,3,27,1,'2023-02-05 00:00:00'),(354,9785513530625,3,18,1,'2023-02-12 00:00:00'),(355,9785431210630,3,25,1,'2023-04-08 00:00:00'),(356,9785666310643,3,42,1,'2023-01-03 00:00:00'),(357,9785355410650,3,38,1,'2023-04-06 00:00:00'),(358,9785109660664,3,46,1,'2023-09-09 00:00:00'),(359,9785419780674,3,39,1,'2023-09-09 00:00:00'),(360,9785207200680,3,21,1,'2023-01-02 00:00:00'),(361,9785109660694,3,47,1,'2023-09-02 00:00:00'),(362,9785109660702,3,24,1,'2023-01-10 00:00:00'),(363,9785419780719,3,13,1,'2023-05-05 00:00:00'),(364,9785207200726,3,43,1,'2023-05-10 00:00:00'),(365,9785109660733,3,31,1,'2023-03-11 00:00:00'),(366,9785355410748,3,28,1,'2023-03-07 00:00:00'),(367,9785122400753,3,35,1,'2023-10-09 00:00:00'),(368,9785355410763,3,11,1,'2023-11-10 00:00:00'),(369,9785431210775,3,33,1,'2023-02-06 00:00:00'),(370,9785122400787,3,35,1,'2023-06-04 00:00:00'),(371,9785207200799,3,37,1,'2023-03-09 00:00:00'),(372,9785162010802,3,28,1,'2023-02-12 00:00:00'),(373,9785207200817,3,8,1,'2023-05-03 00:00:00'),(374,9785162010827,3,11,1,'2023-01-10 00:00:00'),(375,9785431210830,3,42,1,'2023-11-06 00:00:00'),(376,9785162010840,3,37,1,'2023-08-07 00:00:00'),(377,9785419780853,3,16,1,'2023-11-03 00:00:00'),(378,9785122400867,3,22,1,'2023-02-08 00:00:00'),(379,9785162010872,3,39,1,'2023-05-09 00:00:00'),(380,9785162010881,3,49,1,'2023-03-09 00:00:00'),(381,9785355410893,3,37,1,'2023-10-02 00:00:00'),(382,9785262070903,3,49,1,'2023-04-12 00:00:00'),(383,9785207200911,3,26,1,'2023-05-10 00:00:00'),(384,9785266980922,3,42,1,'2023-08-04 00:00:00'),(385,9785162010930,3,20,1,'2023-03-04 00:00:00'),(386,9785513530947,3,11,1,'2023-07-06 00:00:00'),(387,9785899130955,3,19,1,'2023-09-12 00:00:00'),(388,9785162010964,3,48,1,'2023-08-03 00:00:00'),(389,9785207200978,3,50,1,'2023-03-01 00:00:00'),(390,9785109660987,3,17,1,'2023-09-03 00:00:00'),(391,9785109660990,3,13,1,'2023-07-09 00:00:00'),(392,9785649851003,3,37,1,'2023-05-10 00:00:00'),(393,9785649851014,3,21,1,'2023-11-03 00:00:00'),(394,9785190401025,3,42,1,'2023-10-08 00:00:00'),(395,9785128901031,3,22,1,'2023-05-05 00:00:00'),(396,9785419781047,3,23,1,'2023-05-01 00:00:00'),(397,9785190401053,3,42,1,'2023-05-10 00:00:00'),(398,9785162011062,3,50,1,'2023-08-10 00:00:00'),(399,9785190401073,3,26,1,'2023-09-02 00:00:00'),(400,9785513531081,3,29,1,'2023-05-03 00:00:00'),(401,9785109661099,3,32,1,'2023-07-06 00:00:00'),(402,9785207201105,3,19,1,'2023-05-10 00:00:00'),(403,9785513531113,3,39,1,'2023-11-04 00:00:00'),(404,9785133951122,3,44,1,'2023-06-11 00:00:00'),(405,9785128901133,3,25,1,'2023-11-08 00:00:00'),(406,9785649851144,3,4,1,'2023-03-08 00:00:00'),(407,9785431211150,3,38,1,'2023-10-06 00:00:00'),(408,9785513531165,3,48,1,'2023-11-04 00:00:00'),(409,9785419781172,3,24,1,'2023-06-03 00:00:00'),(410,9785162011185,3,32,1,'2023-11-09 00:00:00'),(411,9785649851191,3,7,1,'2023-08-01 00:00:00'),(412,9785649851207,3,7,1,'2023-05-06 00:00:00'),(413,9785899131215,3,9,1,'2023-07-04 00:00:00'),(414,9785262071222,3,41,1,'2023-05-05 00:00:00'),(415,9785165801234,3,0,2,'2023-07-06 00:00:00'),(416,9785162011240,3,46,1,'2023-05-02 00:00:00'),(417,9785419781256,3,26,1,'2023-11-05 00:00:00'),(418,9785419781269,3,5,1,'2023-03-01 00:00:00'),(419,9785355411272,3,39,1,'2023-07-10 00:00:00'),(420,9785128901282,3,29,1,'2023-11-07 00:00:00'),(421,9785899131294,3,30,1,'2023-03-04 00:00:00'),(422,9785513531303,3,6,1,'2023-07-11 00:00:00'),(423,9785207201316,3,44,1,'2023-11-06 00:00:00'),(424,9785109661323,3,21,1,'2023-10-06 00:00:00'),(425,9785165801339,3,14,1,'2023-07-11 00:00:00'),(426,9785190401348,3,17,1,'2023-09-09 00:00:00'),(427,9785666311355,3,18,1,'2023-02-05 00:00:00'),(428,9785513531366,3,5,1,'2023-03-01 00:00:00'),(429,9785128901375,3,1,1,'2023-08-08 00:00:00'),(430,9785666311386,3,43,1,'2023-03-05 00:00:00'),(431,9785133951399,3,11,1,'2023-01-09 00:00:00'),(432,9785122401403,3,4,1,'2023-05-01 00:00:00'),(433,9785190401415,3,6,1,'2023-01-02 00:00:00'),(434,9785165801427,3,20,1,'2023-09-10 00:00:00'),(435,9785162011436,3,9,1,'2023-04-12 00:00:00'),(436,9785207201444,3,36,1,'2023-10-05 00:00:00'),(437,9785122401453,3,0,2,'2023-04-02 00:00:00'),(438,9785431211467,3,21,1,'2023-06-02 00:00:00'),(439,9785899130013,4,35,1,'2023-01-02 00:00:00'),(440,9785666310024,4,45,1,'2023-07-08 00:00:00'),(441,9785649850036,4,4,1,'2023-08-08 00:00:00'),(442,9785109660044,4,25,1,'2023-07-03 00:00:00'),(443,9785190400057,4,36,1,'2023-02-05 00:00:00'),(444,9785162010068,4,16,1,'2023-11-03 00:00:00'),(445,9785122400078,4,46,1,'2023-06-08 00:00:00'),(446,9785122400084,4,25,1,'2023-10-10 00:00:00'),(447,9785266980092,4,2,1,'2023-03-02 00:00:00'),(448,9785128950104,4,0,2,'2023-09-02 00:00:00'),(449,9785431210113,4,17,1,'2023-05-10 00:00:00'),(450,9785190400127,4,17,1,'2023-10-03 00:00:00'),(451,9785649850132,4,9,1,'2023-05-05 00:00:00'),(452,9785899130142,4,23,1,'2023-04-11 00:00:00'),(453,9785666310158,4,22,1,'2023-10-12 00:00:00'),(454,9785649850160,4,25,1,'2023-07-02 00:00:00'),(455,9785109660175,4,42,1,'2023-02-08 00:00:00'),(456,9785190400187,4,50,1,'2023-09-10 00:00:00'),(457,9785431210195,4,32,1,'2023-04-12 00:00:00'),(458,9785122400209,4,26,1,'2023-01-05 00:00:00'),(459,9785266980212,4,36,1,'2023-11-10 00:00:00'),(460,9785266980224,4,5,1,'2023-05-12 00:00:00'),(461,9785190400239,4,30,1,'2023-04-03 00:00:00'),(462,9785431210240,4,48,1,'2023-04-10 00:00:00'),(463,9785649850257,4,28,1,'2023-04-05 00:00:00'),(464,9785266980269,4,13,1,'2023-04-02 00:00:00'),(465,9785666310273,4,29,1,'2023-02-01 00:00:00'),(466,9785262070289,4,10,1,'2023-09-06 00:00:00'),(467,9785666310295,4,0,2,'2023-10-09 00:00:00'),(468,9785207200303,4,41,1,'2023-07-11 00:00:00'),(469,9785431210316,4,9,1,'2023-07-11 00:00:00'),(470,9785649850324,4,41,1,'2023-11-11 00:00:00'),(471,9785162010331,4,47,1,'2023-05-11 00:00:00'),(472,9785262070349,4,16,1,'2023-09-09 00:00:00'),(473,9785162010356,4,19,1,'2023-02-01 00:00:00'),(474,9785207200366,4,10,1,'2023-08-09 00:00:00'),(475,9785355410375,4,18,1,'2023-02-08 00:00:00'),(476,9785419780384,4,47,1,'2023-07-07 00:00:00'),(477,9785266980393,4,46,1,'2023-02-03 00:00:00'),(478,9785355410404,4,2,1,'2023-11-06 00:00:00'),(479,9785419780419,4,28,1,'2023-05-05 00:00:00'),(480,9785165800426,4,44,1,'2023-05-07 00:00:00'),(481,9785128900436,4,46,1,'2023-05-09 00:00:00'),(482,9785190400447,4,23,1,'2023-04-01 00:00:00'),(483,9785419780453,4,44,1,'2023-04-07 00:00:00'),(484,9785513530464,4,27,1,'2023-02-08 00:00:00'),(485,9785262070476,4,14,1,'2023-11-08 00:00:00'),(486,9785162010485,4,13,1,'2023-06-04 00:00:00'),(487,9785419780498,4,15,1,'2023-08-09 00:00:00'),(488,9785207200509,4,34,1,'2023-10-10 00:00:00'),(489,9785649850515,4,50,1,'2023-11-01 00:00:00'),(490,9785162010527,4,24,1,'2023-01-02 00:00:00'),(491,9785262070534,4,19,1,'2023-04-08 00:00:00'),(492,9785419780547,4,29,1,'2023-01-01 00:00:00'),(493,9785128900553,4,25,1,'2023-02-10 00:00:00'),(494,9785666310567,4,29,1,'2023-05-04 00:00:00'),(495,9785109660579,4,0,2,'2023-06-07 00:00:00'),(496,9785207200581,4,14,1,'2023-05-09 00:00:00'),(497,9785262070590,4,17,1,'2023-08-08 00:00:00'),(498,9785899130608,4,34,1,'2023-11-06 00:00:00'),(499,9785262070611,4,11,1,'2023-08-12 00:00:00'),(500,9785513530625,4,44,1,'2023-10-09 00:00:00'),(501,9785431210630,4,4,1,'2023-04-03 00:00:00'),(502,9785666310643,4,5,1,'2023-08-12 00:00:00'),(503,9785355410650,4,8,1,'2023-08-07 00:00:00'),(504,9785109660664,4,30,1,'2023-04-02 00:00:00'),(505,9785419780674,4,14,1,'2023-07-10 00:00:00'),(506,9785207200680,4,26,1,'2023-05-09 00:00:00'),(507,9785109660694,4,0,2,'2023-09-08 00:00:00'),(508,9785109660702,4,38,1,'2023-02-08 00:00:00'),(509,9785419780719,4,22,1,'2023-02-03 00:00:00'),(510,9785207200726,4,28,1,'2023-09-12 00:00:00'),(511,9785109660733,4,2,1,'2023-06-09 00:00:00'),(512,9785355410748,4,20,1,'2023-02-03 00:00:00'),(513,9785122400753,4,35,1,'2023-04-05 00:00:00'),(514,9785355410763,4,40,1,'2023-04-09 00:00:00'),(515,9785431210775,4,22,1,'2023-07-09 00:00:00'),(516,9785122400787,4,4,1,'2023-09-06 00:00:00'),(517,9785207200799,4,41,1,'2023-09-11 00:00:00'),(518,9785162010802,4,1,1,'2023-11-09 00:00:00'),(519,9785207200817,4,6,1,'2023-01-05 00:00:00'),(520,9785162010827,4,31,1,'2023-06-12 00:00:00'),(521,9785431210830,4,47,1,'2023-09-10 00:00:00'),(522,9785162010840,4,23,1,'2023-02-06 00:00:00'),(523,9785419780853,4,6,1,'2023-03-07 00:00:00'),(524,9785122400867,4,8,1,'2023-11-09 00:00:00'),(525,9785162010872,4,28,1,'2023-03-01 00:00:00'),(526,9785162010881,4,35,1,'2023-01-12 00:00:00'),(527,9785355410893,4,3,1,'2023-11-09 00:00:00'),(528,9785262070903,4,24,1,'2023-06-07 00:00:00'),(529,9785207200911,4,40,1,'2023-02-09 00:00:00'),(530,9785266980922,4,40,1,'2023-06-06 00:00:00'),(531,9785162010930,4,32,1,'2023-11-08 00:00:00'),(532,9785513530947,4,45,1,'2023-02-10 00:00:00'),(533,9785899130955,4,9,1,'2023-02-10 00:00:00'),(534,9785162010964,4,29,1,'2023-08-07 00:00:00'),(535,9785207200978,4,16,1,'2023-01-04 00:00:00'),(536,9785109660987,4,30,1,'2023-04-05 00:00:00'),(537,9785109660990,4,0,2,'2023-03-04 00:00:00'),(538,9785649851003,4,41,1,'2023-03-11 00:00:00'),(539,9785649851014,4,23,1,'2023-05-11 00:00:00'),(540,9785190401025,4,48,1,'2023-08-05 00:00:00'),(541,9785128901031,4,4,1,'2023-08-04 00:00:00'),(542,9785419781047,4,35,1,'2023-06-06 00:00:00'),(543,9785190401053,4,20,1,'2023-03-07 00:00:00'),(544,9785162011062,4,31,1,'2023-11-09 00:00:00'),(545,9785190401073,4,9,1,'2023-06-11 00:00:00'),(546,9785513531081,4,26,1,'2023-07-12 00:00:00'),(547,9785109661099,4,0,2,'2023-02-04 00:00:00'),(548,9785207201105,4,22,1,'2023-10-04 00:00:00'),(549,9785513531113,4,2,1,'2023-04-03 00:00:00'),(550,9785133951122,4,2,1,'2023-06-07 00:00:00'),(551,9785128901133,4,29,1,'2023-06-01 00:00:00'),(552,9785649851144,4,34,1,'2023-03-02 00:00:00'),(553,9785431211150,4,19,1,'2023-03-06 00:00:00'),(554,9785513531165,4,22,1,'2023-06-09 00:00:00'),(555,9785419781172,4,43,1,'2023-03-03 00:00:00'),(556,9785162011185,4,22,1,'2023-05-06 00:00:00'),(557,9785649851191,4,22,1,'2023-08-12 00:00:00'),(558,9785649851207,4,20,1,'2023-03-04 00:00:00'),(559,9785899131215,4,27,1,'2023-05-07 00:00:00'),(560,9785262071222,4,32,1,'2023-11-10 00:00:00'),(561,9785165801234,4,33,1,'2023-08-11 00:00:00'),(562,9785162011240,4,14,1,'2023-09-07 00:00:00'),(563,9785419781256,4,42,1,'2023-10-07 00:00:00'),(564,9785419781269,4,22,1,'2023-03-07 00:00:00'),(565,9785355411272,4,15,1,'2023-04-11 00:00:00'),(566,9785128901282,4,19,1,'2023-06-02 00:00:00'),(567,9785899131294,4,43,1,'2023-05-12 00:00:00'),(568,9785513531303,4,35,1,'2023-05-10 00:00:00'),(569,9785207201316,4,15,1,'2023-05-10 00:00:00'),(570,9785109661323,4,21,1,'2023-05-03 00:00:00'),(571,9785165801339,4,11,1,'2023-09-02 00:00:00'),(572,9785190401348,4,16,1,'2023-03-07 00:00:00'),(573,9785666311355,4,21,1,'2023-03-06 00:00:00'),(574,9785513531366,4,34,1,'2023-11-01 00:00:00'),(575,9785128901375,4,31,1,'2023-11-10 00:00:00'),(576,9785666311386,4,48,1,'2023-11-07 00:00:00'),(577,9785133951399,4,8,1,'2023-10-04 00:00:00'),(578,9785122401403,4,24,1,'2023-09-04 00:00:00'),(579,9785190401415,4,18,1,'2023-04-04 00:00:00'),(580,9785165801427,4,4,1,'2023-02-03 00:00:00'),(581,9785162011436,4,31,1,'2023-07-10 00:00:00'),(582,9785207201444,4,36,1,'2023-05-10 00:00:00'),(583,9785122401453,4,5,1,'2023-06-11 00:00:00'),(584,9785431211467,4,48,1,'2023-03-04 00:00:00'),(585,9785899130013,5,9,1,'2023-11-12 00:00:00'),(586,9785666310024,5,46,1,'2023-03-07 00:00:00'),(587,9785649850036,5,37,1,'2023-01-03 00:00:00'),(588,9785109660044,5,13,1,'2023-09-11 00:00:00'),(589,9785190400057,5,40,1,'2023-09-05 00:00:00'),(590,9785162010068,5,17,1,'2023-10-05 00:00:00'),(591,9785122400078,5,25,1,'2023-10-11 00:00:00'),(592,9785122400084,5,47,1,'2023-11-06 00:00:00'),(593,9785266980092,5,26,1,'2023-07-05 00:00:00'),(594,9785128950104,5,23,1,'2023-02-10 00:00:00'),(595,9785431210113,5,41,1,'2023-01-12 00:00:00'),(596,9785190400127,5,49,1,'2023-09-01 00:00:00'),(597,9785649850132,5,49,1,'2023-11-06 00:00:00'),(598,9785899130142,5,12,1,'2023-11-04 00:00:00'),(599,9785666310158,5,44,1,'2023-09-07 00:00:00'),(600,9785649850160,5,19,1,'2023-10-10 00:00:00'),(601,9785109660175,5,48,1,'2023-06-06 00:00:00'),(602,9785190400187,5,47,1,'2023-07-01 00:00:00'),(603,9785431210195,5,1,1,'2023-07-02 00:00:00'),(604,9785122400209,5,31,1,'2023-10-08 00:00:00'),(605,9785266980212,5,22,1,'2023-08-11 00:00:00'),(606,9785266980224,5,5,1,'2023-06-06 00:00:00'),(607,9785190400239,5,27,1,'2023-11-01 00:00:00'),(608,9785431210240,5,45,1,'2023-05-07 00:00:00'),(609,9785649850257,5,0,2,'2023-11-03 00:00:00'),(610,9785266980269,5,27,1,'2023-11-03 00:00:00'),(611,9785666310273,5,47,1,'2023-09-04 00:00:00'),(612,9785262070289,5,4,1,'2023-02-03 00:00:00'),(613,9785666310295,5,21,1,'2023-04-04 00:00:00'),(614,9785207200303,5,34,1,'2023-06-12 00:00:00'),(615,9785431210316,5,10,1,'2023-03-06 00:00:00'),(616,9785649850324,5,32,1,'2023-01-07 00:00:00'),(617,9785162010331,5,18,1,'2023-01-04 00:00:00'),(618,9785262070349,5,12,1,'2023-08-09 00:00:00'),(619,9785162010356,5,13,1,'2023-03-05 00:00:00'),(620,9785207200366,5,11,1,'2023-07-01 00:00:00'),(621,9785355410375,5,30,1,'2023-06-06 00:00:00'),(622,9785419780384,5,14,1,'2023-07-12 00:00:00'),(623,9785266980393,5,42,1,'2023-08-12 00:00:00'),(624,9785355410404,5,0,2,'2023-09-06 00:00:00'),(625,9785419780419,5,11,1,'2023-11-09 00:00:00'),(626,9785165800426,5,10,1,'2023-03-05 00:00:00'),(627,9785128900436,5,24,1,'2023-11-10 00:00:00'),(628,9785190400447,5,48,1,'2023-11-06 00:00:00'),(629,9785419780453,5,14,1,'2023-06-05 00:00:00'),(630,9785513530464,5,32,1,'2023-11-01 00:00:00'),(631,9785262070476,5,37,1,'2023-06-06 00:00:00'),(632,9785162010485,5,5,1,'2023-08-09 00:00:00'),(633,9785419780498,5,42,1,'2023-08-03 00:00:00'),(634,9785207200509,5,41,1,'2023-01-06 00:00:00'),(635,9785649850515,5,34,1,'2023-09-02 00:00:00'),(636,9785162010527,5,12,1,'2023-11-01 00:00:00'),(637,9785262070534,5,27,1,'2023-10-12 00:00:00'),(638,9785419780547,5,1,1,'2023-07-07 00:00:00'),(639,9785128900553,5,29,1,'2023-09-05 00:00:00'),(640,9785666310567,5,7,1,'2023-06-12 00:00:00'),(641,9785109660579,5,3,1,'2023-05-01 00:00:00'),(642,9785207200581,5,42,1,'2023-06-11 00:00:00'),(643,9785262070590,5,20,1,'2023-06-02 00:00:00'),(644,9785899130608,5,7,1,'2023-08-06 00:00:00'),(645,9785262070611,5,36,1,'2023-11-06 00:00:00'),(646,9785513530625,5,43,1,'2023-08-10 00:00:00'),(647,9785431210630,5,32,1,'2023-10-12 00:00:00'),(648,9785666310643,5,45,1,'2023-03-07 00:00:00'),(649,9785355410650,5,42,1,'2023-03-12 00:00:00'),(650,9785109660664,5,31,1,'2023-02-06 00:00:00'),(651,9785419780674,5,48,1,'2023-09-02 00:00:00'),(652,9785207200680,5,11,1,'2023-09-06 00:00:00'),(653,9785109660694,5,34,1,'2023-06-11 00:00:00'),(654,9785109660702,5,41,1,'2023-07-09 00:00:00'),(655,9785419780719,5,43,1,'2023-01-01 00:00:00'),(656,9785207200726,5,17,1,'2023-03-06 00:00:00'),(657,9785109660733,5,47,1,'2023-06-05 00:00:00'),(658,9785355410748,5,30,1,'2023-07-04 00:00:00'),(659,9785122400753,5,1,1,'2023-04-03 00:00:00'),(660,9785355410763,5,30,1,'2023-09-11 00:00:00'),(661,9785431210775,5,41,1,'2023-07-11 00:00:00'),(662,9785122400787,5,13,1,'2023-11-03 00:00:00'),(663,9785207200799,5,47,1,'2023-01-04 00:00:00'),(664,9785162010802,5,43,1,'2023-08-09 00:00:00'),(665,9785207200817,5,19,1,'2023-01-08 00:00:00'),(666,9785162010827,5,27,1,'2023-07-01 00:00:00'),(667,9785431210830,5,30,1,'2023-07-10 00:00:00'),(668,9785162010840,5,3,1,'2023-07-07 00:00:00'),(669,9785419780853,5,11,1,'2023-04-12 00:00:00'),(670,9785122400867,5,44,1,'2023-04-03 00:00:00'),(671,9785162010872,5,8,1,'2023-11-01 00:00:00'),(672,9785162010881,5,10,1,'2023-11-01 00:00:00'),(673,9785355410893,5,15,1,'2023-01-01 00:00:00'),(674,9785262070903,5,10,1,'2023-09-03 00:00:00'),(675,9785207200911,5,19,1,'2023-10-10 00:00:00'),(676,9785266980922,5,11,1,'2023-02-11 00:00:00'),(677,9785162010930,5,1,1,'2023-05-08 00:00:00'),(678,9785513530947,5,14,1,'2023-05-11 00:00:00'),(679,9785899130955,5,30,1,'2023-03-02 00:00:00'),(680,9785162010964,5,41,1,'2023-06-08 00:00:00'),(681,9785207200978,5,14,1,'2023-06-12 00:00:00'),(682,9785109660987,5,19,1,'2023-09-08 00:00:00'),(683,9785109660990,5,29,1,'2023-01-04 00:00:00'),(684,9785649851003,5,17,1,'2023-07-11 00:00:00'),(685,9785649851014,5,3,1,'2023-05-06 00:00:00'),(686,9785190401025,5,36,1,'2023-11-12 00:00:00'),(687,9785128901031,5,0,2,'2023-03-11 00:00:00'),(688,9785419781047,5,42,1,'2023-07-06 00:00:00'),(689,9785190401053,5,39,1,'2023-05-08 00:00:00'),(690,9785162011062,5,6,1,'2023-11-04 00:00:00'),(691,9785190401073,5,30,1,'2023-06-09 00:00:00'),(692,9785513531081,5,0,2,'2023-03-02 00:00:00'),(693,9785109661099,5,50,1,'2023-11-09 00:00:00'),(694,9785207201105,5,49,1,'2023-10-05 00:00:00'),(695,9785513531113,5,6,1,'2023-11-08 00:00:00'),(696,9785133951122,5,32,1,'2023-07-03 00:00:00'),(697,9785128901133,5,27,1,'2023-08-10 00:00:00'),(698,9785649851144,5,29,1,'2023-08-02 00:00:00'),(699,9785431211150,5,43,1,'2023-03-01 00:00:00'),(700,9785513531165,5,2,1,'2023-05-12 00:00:00'),(701,9785419781172,5,0,2,'2023-06-06 00:00:00'),(702,9785162011185,5,10,1,'2023-07-03 00:00:00'),(703,9785649851191,5,41,1,'2023-10-08 00:00:00'),(704,9785649851207,5,27,1,'2023-02-09 00:00:00'),(705,9785899131215,5,27,1,'2023-04-09 00:00:00'),(706,9785262071222,5,22,1,'2023-06-04 00:00:00'),(707,9785165801234,5,16,1,'2023-02-01 00:00:00'),(708,9785162011240,5,21,1,'2023-07-06 00:00:00'),(709,9785419781256,5,18,1,'2023-02-10 00:00:00'),(710,9785419781269,5,33,1,'2023-10-11 00:00:00'),(711,9785355411272,5,24,1,'2023-06-12 00:00:00'),(712,9785128901282,5,14,1,'2023-03-07 00:00:00'),(713,9785899131294,5,4,1,'2023-08-04 00:00:00'),(714,9785513531303,5,47,1,'2023-03-06 00:00:00'),(715,9785207201316,5,1,1,'2023-08-01 00:00:00'),(716,9785109661323,5,40,1,'2023-09-07 00:00:00'),(717,9785165801339,5,11,1,'2023-11-03 00:00:00'),(718,9785190401348,5,21,1,'2023-02-02 00:00:00'),(719,9785666311355,5,25,1,'2023-01-02 00:00:00'),(720,9785513531366,5,39,1,'2023-07-10 00:00:00'),(721,9785128901375,5,10,1,'2023-02-03 00:00:00'),(722,9785666311386,5,20,1,'2023-02-11 00:00:00'),(723,9785133951399,5,37,1,'2023-09-12 00:00:00'),(724,9785122401403,5,40,1,'2023-06-09 00:00:00'),(725,9785190401415,5,8,1,'2023-02-07 00:00:00'),(726,9785165801427,5,36,1,'2023-01-08 00:00:00'),(727,9785162011436,5,30,1,'2023-05-12 00:00:00'),(728,9785207201444,5,20,1,'2023-02-12 00:00:00'),(729,9785122401453,5,13,1,'2023-02-08 00:00:00'),(730,9785431211467,5,28,1,'2023-04-03 00:00:00');
/*!40000 ALTER TABLE `storedproducts` ENABLE KEYS */;
UNLOCK TABLES;

--
-- Table structure for table `storedproductstatuses`
--

DROP TABLE IF EXISTS `storedproductstatuses`;
/*!40101 SET @saved_cs_client     = @@character_set_client */;
/*!50503 SET character_set_client = utf8mb4 */;
CREATE TABLE `storedproductstatuses` (
  `StoredProductStatusId` int NOT NULL AUTO_INCREMENT,
  `StoredProductStatusTitle` varchar(50) NOT NULL,
  PRIMARY KEY (`StoredProductStatusId`)
) ENGINE=InnoDB AUTO_INCREMENT=3 DEFAULT CHARSET=utf8mb4 COLLATE=utf8mb4_0900_ai_ci;
/*!40101 SET character_set_client = @saved_cs_client */;

--
-- Dumping data for table `storedproductstatuses`
--

LOCK TABLES `storedproductstatuses` WRITE;
/*!40000 ALTER TABLE `storedproductstatuses` DISABLE KEYS */;
INSERT INTO `storedproductstatuses` VALUES (1,'В наличии'),(2,'Нет в наличии');
/*!40000 ALTER TABLE `storedproductstatuses` ENABLE KEYS */;
UNLOCK TABLES;

--
-- Table structure for table `usercards`
--

DROP TABLE IF EXISTS `usercards`;
/*!40101 SET @saved_cs_client     = @@character_set_client */;
/*!50503 SET character_set_client = utf8mb4 */;
CREATE TABLE `usercards` (
  `UserCardId` int NOT NULL AUTO_INCREMENT,
  `UserCardUserId` int NOT NULL,
  `UserCardBookISBN` bigint NOT NULL,
  `UserCardIsShopCard` tinyint NOT NULL,
  `UserCardBookCount` int DEFAULT NULL,
  PRIMARY KEY (`UserCardId`),
  KEY `UserCardUserId` (`UserCardUserId`),
  KEY `UserCardBookISBN_idx` (`UserCardBookISBN`),
  CONSTRAINT `UserCardBookISBN` FOREIGN KEY (`UserCardBookISBN`) REFERENCES `books` (`BookISBN`),
  CONSTRAINT `UserCardUserId` FOREIGN KEY (`UserCardUserId`) REFERENCES `users` (`UserId`)
) ENGINE=InnoDB AUTO_INCREMENT=1169 DEFAULT CHARSET=utf8mb4 COLLATE=utf8mb4_0900_ai_ci;
/*!40101 SET character_set_client = @saved_cs_client */;

--
-- Dumping data for table `usercards`
--

LOCK TABLES `usercards` WRITE;
/*!40000 ALTER TABLE `usercards` DISABLE KEYS */;
INSERT INTO `usercards` VALUES (1,53,9785128901375,1,2),(2,53,9785109661099,1,1),(3,53,9785128900553,0,NULL),(4,54,9785431210830,1,1),(5,55,9785513530464,0,NULL),(6,57,9785162011436,1,3),(7,55,9785649851003,1,2),(8,59,9785266980092,1,5),(9,59,9785207200680,1,5),(10,60,9785190400057,0,NULL),(11,59,9785109660044,0,NULL);
/*!40000 ALTER TABLE `usercards` ENABLE KEYS */;
UNLOCK TABLES;

--
-- Table structure for table `users`
--

DROP TABLE IF EXISTS `users`;
/*!40101 SET @saved_cs_client     = @@character_set_client */;
/*!50503 SET character_set_client = utf8mb4 */;
CREATE TABLE `users` (
  `UserId` int NOT NULL AUTO_INCREMENT,
  `UserName` varchar(50) NOT NULL,
  `UserSurname` varchar(50) NOT NULL,
  `UserPatronymic` varchar(100) DEFAULT NULL,
  `UserNumPhone` varchar(11) NOT NULL,
  `UserLogin` varchar(100) NOT NULL,
  `UserPassword` varchar(100) NOT NULL,
  `UserIdRole` int NOT NULL,
  PRIMARY KEY (`UserId`),
  KEY `UserIdRole` (`UserIdRole`),
  CONSTRAINT `UserIdRole` FOREIGN KEY (`UserIdRole`) REFERENCES `roles` (`RoleId`)
) ENGINE=InnoDB AUTO_INCREMENT=66 DEFAULT CHARSET=utf8mb4 COLLATE=utf8mb4_0900_ai_ci;
/*!40101 SET character_set_client = @saved_cs_client */;

--
-- Dumping data for table `users`
--

LOCK TABLES `users` WRITE;
/*!40000 ALTER TABLE `users` DISABLE KEYS */;
INSERT INTO `users` VALUES (1,'Александр','Иванов','Петрович','79123456789','alex01','pass123',2),(2,'Елена','Смирнова','Александровна','79234567890','elena02','secret456',2),(3,'Максим','Кузнецов','Сергеевич','79345678901','max03','mypass789',2),(4,'Анна','Горбачева','Павловна','79456789012','anna04','1234anna',2),(5,'Дмитрий','Соколов','Андреевич','79567890123','dima05','dmitriy007',2),(6,'Ольга','Михайлова','Викторовна','79678901234','olga06','olgushka123',2),(7,'Игорь','Федоров','Александрович','79789012345','igor07','igorpass321',2),(8,'Марина','Тарасова','Сергеевна','79890123456','marina08','marina567',2),(9,'Артем','Попов','Владимирович','79901234567','artem09','0987artem',2),(10,'Наталья','Лебедева','Дмитриевна','79912345678','natalia10','456nat',2),(11,'Павел','Романов','Николаевич','79923456789','pavel11','qwerty321',2),(12,'Екатерина','Козлова','Алексеевна','79934567890','katya12','kate1234',2),(13,'Алексей','Зайцев','Денисович','79945678901','alex13','789aleksei',2),(14,'Олеся','Полякова','Андреевна','79956789012','olesya14','147olga',2),(15,'Владимир','Королев','Игоревич','79967890123','vladimir15','vova987',2),(16,'Андрей','Игнатьев','Викторович','79912345678','andrey21','pass1234',2),(17,'Маргарита','Козлова','Алексеевна','79923456789','margarita22','secret567',2),(18,'Сергей','Смирнов','Сергеевич','79934567890','sergei23','mypass123',2),(19,'Алиса','Носкова','Михайловна','79945678901','alice24','1234alice',2),(20,'Валентин','Фомин','Алексеевич','79956789012','valentin25','valentine321',2),(21,'Ирина','Григорьева','Сергеевна','79967890123','irina26','irinapass',2),(22,'Александр','Щербаков','Викторович','79978901234','alexander27','alexpass',2),(23,'Оксана','Тихонова','Анатольевна','79989012345','oksana28','oksi321',2),(24,'Михаил','Семенов','Андреевич','79990123456','mikhail29','misha123',2),(25,'Екатерина','Новикова','Дмитриевна','79901234567','ekaterina30','katyapass',2),(26,'Андрей','Попов','Иванович','79912345678','andrey31','passandrey',3),(27,'Ольга','Гаврилова','Сергеевна','79923456789','olga32','olgapass123',3),(28,'Иван','Мельников','Анатольевич','79934567890','ivan33','1234ivan',3),(29,'Александра','Беляева','Павловна','79945678901','alexandra34','alexandra567',3),(30,'Андрей','Воробьев','Денисович','79956789012','andrey35','andrey123',3),(31,'Евгения','Кузнецова','Валентиновна','79967890123','evgenia36','evgeniapass',3),(32,'Петр','Степанов','Александрович','79978901234','petr37','petrpass',3),(33,'Вера','Исаева','Ивановна','79989012345','vera38','vera1234',3),(34,'Никита','Захаров','Дмитриевич','79990123456','nikita39','nikita567',3),(35,'София','Савельева','Александровна','79901234567','sofia40','sofia123',3),(36,'Анна','Иванова','Сергеевна','71234567890','anna123','password123',3),(37,'Иван','Петров','Александрович','79876543210','ivan987','securepass',3),(38,'Ольга','Смирнова','Дмитриевна','71112223344','olga111','olgapass',3),(39,'Максим','Кузнецов','Сергеевич','75556667788','max555','maxpassword',3),(40,'Дмитрий','Горбачев','Андреевич','77778889900','dmitriy777','dmitriypass',3),(41,'Екатерина','Соколова','Алексеевна','72223334455','ekaterina222','eka_password',3),(42,'Андрей','Михайлов','Викторович','79876543210','andrey_m','andrey123',3),(43,'Светлана','Федорова','Игоревна','79998887766','svetlana999','svetlana_pass',3),(44,'Артем','Попов','Сергеевич','75555555555','artem123','artem_pass',3),(45,'Наталья','Лебедева','Дмитриевна','71111111111','natalya111','natalya_pass',3),(46,'Елена','Иванова','Сергеевна','71234567890','elena123','elenapass',3),(47,'Александр','Петров','Александрович','79876543210','alex987','securepass',3),(48,'Максим','Смирнов','Дмитриевич','71112223344','max111','maxpassword',3),(49,'Анна','Кузнецова','Сергеевна','75556667788','anna555','annapass',3),(50,'Дмитрий','Горбачев','Андреевич','77778889900','dima777','dmitriypass',3),(51,'Ольга','Соколова','Алексеевна','72223334455','olga222','olgapass',1),(52,'Игорь','Михайлов','Викторович','79998887766','igor999','igorpassword',1),(53,'Наталья','Федорова','Сергеевна','75555555555','natalia55','nataliapass',4),(54,'Артем','Попов','Дмитриевич','71111111111','artem111','artempass',4),(55,'Светлана','Лебедева','Андреевна','77777777777','svet777','svetlanapass',4),(56,'Ирина','Козлова','Алексеевна','75551234567','irina555','irinapass',4),(57,'Алексей','Зайцев','Денисович','79879879876','alexey987','alexeypass',4),(58,'Олеся','Полякова','Андреевна','71115432109','olesya111','olesyapass',4),(59,'Владимир','Королев','Игоревич','79991234567','vladimir','vladpassword',4),(60,'Светлана','Яковлева','Вячеславовна','75559876543','svetlana','svetlana123',4),(61,'Артур','Горшков','Михайлович','71119876543','arthur111','arthurpass',4),(62,'Татьяна','Морозова','Петровна','79875555555','tanya987','tanyapass',4),(63,'Илья','Чернов','Валентинович','75551234567','ilya555','ilyapassword',4),(64,'Елена','Данилова','Андреевна','79995555555','elena999','elenapass',4),(65,'Сергей','Козлов','Анатольевич','75559876543','sergey555','sergeypass',4);
/*!40000 ALTER TABLE `users` ENABLE KEYS */;
UNLOCK TABLES;
/*!40103 SET TIME_ZONE=@OLD_TIME_ZONE */;

/*!40101 SET SQL_MODE=@OLD_SQL_MODE */;
/*!40014 SET FOREIGN_KEY_CHECKS=@OLD_FOREIGN_KEY_CHECKS */;
/*!40014 SET UNIQUE_CHECKS=@OLD_UNIQUE_CHECKS */;
/*!40101 SET CHARACTER_SET_CLIENT=@OLD_CHARACTER_SET_CLIENT */;
/*!40101 SET CHARACTER_SET_RESULTS=@OLD_CHARACTER_SET_RESULTS */;
/*!40101 SET COLLATION_CONNECTION=@OLD_COLLATION_CONNECTION */;
/*!40111 SET SQL_NOTES=@OLD_SQL_NOTES */;

-- Dump completed on 2023-10-16 20:25:12
